Workbook
Name _ftn1: 'Indicator Definitions'!$B$117
Name _ftnref1: 'Indicator Definitions'!$C$26
Name _Ref503791271: 'Social Gradient'!$B$5
Name Areas: #REF!
Name Areas: #REF!
Name Areas: [1]Chart!$S$50:$S$65
Name Areas: #REF!
Name DEA_Indicators: #REF!
Name DEA_Indicators: #REF!
Name DEA_Indicators: #REF!
Name DEA_Indicators: #REF!
Name Gaps: #REF!
Name Gaps: #REF!
Name Gaps: #REF!
Name Gaps: #REF!
Name Indicators: #REF!
Name Indicators: #REF!
Name Indicators: #REF!
Name Indicators: #REF!
Name LGDs: #REF!
Name LGDs: #REF!
Name LGDs: #REF!
Name LGDs: #REF!
Name OnetoFive: #REF!
Name OnetoFive: Information!$G$1:$K$1
Name OnetoFive: #REF!
Name OnetoFive: #REF!
Name Positive_Change: 'Northern Ireland'!$H$220
Name Range1: #REF!
Name Range1: #REF!
Name Range1: 'Northern Ireland'!#REF!
Name Range1: #REF!
Name TwotoFive: #REF!

Sheet Information
J1: 4 | K1: 5
B2: Health Inequalities | E2: Northern Ireland
B3: Annual Report 2025
E4: Health & Social Care Trusts
E5: Belfast
E6: Northern
E7: South Eastern
E8: Southern
E9: Western
E11: Local Government Districts
E12: Antrim & Newtownabbey
B13: Produced by: Public Health Information & Research Branch, Information Analysis Directorate Department of Health Castle Buildings, Belfast BT4 3SQ Tel: 028 905 22501 Email: healthinequalities@health-ni.gov.uk https://www.health-ni.gov.uk/articles/health-inequalities-statistics https://health-ni.gov.uk/topics/dhssps-statistics-and-research/health-inequalities-statistics | E13: Ards & North Down
E14: Armagh City, Banbridge & Craigavon
E15: Belfast
E16: Causeway Coast & Glens
E17: Derry City & Strabane
E18: Fermanagh & Omagh
E19: Lisburn & Castlereagh
E20: Mid & East Antrim
E21: Mid Ulster
E22: Newry, Mourne & Down
E24: Urban Rural Analysis
E25: Social Gradient
E26: Additional Indicators
... E30: Indicator Definitions

Sheet Northern Ireland
A1: NORTHERN IRELAND
A5: Male Life Expectancy at Birth
A6: (Years) | B6: 2017-19 | C6: 2018-20 | D6: 2019-21 | E6: 2020-22 | F6: 2021-23 | G6: Trend Analysis
A7: Northern Ireland | B7: 78.818762 | C7: 78.733213 | D7: 78.476598 | E7: 78.425672 | F7: 78.763745 | G7: =IF(H7="Positive Change",1,IF(H7="Negative Change",-1,IF(H7="No Change",0,""))) -> 0 | H7: No Change
A8: Deprivation Quintiles
A9: 1 (Most Deprived) | B9: 74.715976 | C9: 74.497385 | D9: 73.9308 | E9: 74.04621 | F9: 74.497354 | G9: =IF(H9="Positive Change",1,IF(H9="Negative Change",-1,IF(H9="No Change",0,""))) -> 0 | H9: No Change
A10: 5 (Least Deprived) | B10: 81.70797 | C10: 81.397947 | D10: 81.264003 | E10: 81.24201 | F10: 81.752119 | G10: =IF(H10="Positive Change",1,IF(H10="Negative Change",-1,IF(H10="No Change",0,""))) -> 0 | H10: No Change
A11: Inequality Gaps
A12: Most-Least Deprived | B12: 6.9919939 | C12: 6.9005627 | D12: 7.3332032 | E12: 7.1957996 | F12: 7.2547642 | G12: =IF(H12="Narrowed","►◄",IF(H12="Widened","◄►",IF(H12="No Change","▬",""))) -> ▬ | H12: No Change
A13: Most Deprived-NI | B13: 4.1027858 | C13: 4.2358285 | D13: 4.5457981 | E13: 4.3794616 | F13: 4.2663904 | G13: =IF(H13="Narrowed","►◄",IF(H13="Widened","◄►",IF(H13="No Change","▬",""))) -> ▬ | H13: No Change
A14: SII | B14: 8 | C14: 7.8 | D14: 8.4 | E14: 8.2 | F14: 8.3 | G14: =IF(H14="Narrowed","►◄",IF(H14="Widened","◄►",IF(H14="No Change","▬",""))) -> ▬ | H14: No Change
A16: Female Life Expectancy at Birth
A17: (Years) | B17: 2017-19 | C17: 2018-20 | D17: 2019-21 | E17: 2020-22 | F17: 2021-23 | G17: Trend Analysis
A18: Northern Ireland | B18: 82.58255 | C18: 82.425041 | D18: 82.289751 | E18: 82.255854 | F18: 82.485164 | G18: =IF(H18="Positive Change",1,IF(H18="Negative Change",-1,IF(H18="No Change",0,""))) -> 0 | H18: No Change
A19: Deprivation Quintiles
A20: 1 (Most Deprived) | B20: 79.63464 | C20: 79.274638 | D20: 79.154957 | E20: 79.349267 | F20: 79.339756 | G20: =IF(H20="Positive Change",1,IF(H20="Negative Change",-1,IF(H20="No Change",0,""))) -> 0 | H20: No Change
A21: 5 (Least Deprived) | B21: 84.486238 | C21: 84.316717 | D21: 84.244892 | E21: 84.149349 | F21: 84.513386 | G21: =IF(H21="Positive Change",1,IF(H21="Negative Change",-1,IF(H21="No Change",0,""))) -> 0 | H21: No Change
A22: Inequality Gaps
A23: Most-Least Deprived | B23: 4.8515975 | C23: 5.0420785 | D23: 5.0899348 | E23: 4.8000817 | F23: 5.1736298 | G23: =IF(H23="Narrowed","►◄",IF(H23="Widened","◄►",IF(H23="No Change","▬",""))) -> ▬ | H23: No Change
A24: Most Deprived-NI | B24: 2.94791 | C24: 3.1504026 | D24: 3.134794 | E24: 2.9065867 | F24: 3.1454073 | G24: =IF(H24="Narrowed","►◄",IF(H24="Widened","◄►",IF(H24="No Change","▬",""))) -> ▬ | H24: No Change
A25: SII | B25: 5.5 | C25: 5.6 | D25: 5.8 | E25: 5.7 | F25: 6 | G25: =IF(H25="Narrowed","►◄",IF(H25="Widened","◄►",IF(H25="No Change","▬",""))) -> ◄► | H25: Widened
A27: Male Life Expectancy at Age 65
A28: (Years) | B28: 2017-19 | C28: 2018-20 | D28: 2019-21 | E28: 2020-22 | F28: 2021-23 | G28: Trend Analysis
A29: Northern Ireland | B29: 18.536761 | C29: 18.484435 | D29: 18.365174 | E29: 18.304984 | F29: 18.506212 | G29: =IF(H29="Positive Change",1,IF(H29="Negative Change",-1,IF(H29="No Change",0,""))) -> 0 | H29: No Change
A30: Deprivation Quintiles
A31: 1 (Most Deprived) | B31: 16.74459 | C31: 16.613188 | D31: 16.529334 | E31: 16.481464 | F31: 16.805253 | G31: =IF(H31="Positive Change",1,IF(H31="Negative Change",-1,IF(H31="No Change",0,""))) -> 0 | H31: No Change
A32: 5 (Least Deprived) | B32: 19.821318 | C32: 19.703266 | D32: 19.533884 | E32: 19.430851 | F32: 19.687666 | G32: =IF(H32="Positive Change",1,IF(H32="Negative Change",-1,IF(H32="No Change",0,""))) -> 0 | H32: No Change
A33: Inequality Gaps
A34: Most-Least Deprived | B34: 3.076728 | C34: 3.0900784 | D34: 3.0045507 | E34: 2.9493867 | F34: 2.8824124 | G34: =IF(H34="Narrowed","►◄",IF(H34="Widened","◄►",IF(H34="No Change","▬",""))) -> ▬ | H34: No Change
A35: Most Deprived-NI | B35: 1.7921718 | C35: 1.8712469 | D35: 1.8358398 | E35: 1.8235198 | F35: 1.7009584 | G35: =IF(H35="Narrowed","►◄",IF(H35="Widened","◄►",IF(H35="No Change","▬",""))) -> ▬ | H35: No Change
A36: SII | B36: 3.3402685 | C36: 3.2046693 | D36: 3.1853806 | E36: 3.1907361 | F36: 3.2377876 | G36: =IF(H36="Narrowed","►◄",IF(H36="Widened","◄►",IF(H36="No Change","▬",""))) -> ▬ | H36: No Change
A38: Female Life Expectancy at Age 65
A39: (Years) | B39: 2017-19 | C39: 2018-20 | D39: 2019-21 | E39: 2020-22 | F39: 2021-23 | G39: Trend Analysis
A40: Northern Ireland | B40: 20.856044 | C40: 20.749343 | D40: 20.701913 | E40: 20.57369 | F40: 20.746988 | G40: =IF(H40="Positive Change",1,IF(H40="Negative Change",-1,IF(H40="No Change",0,""))) -> 0 | H40: No Change
A41: Deprivation Quintiles
A42: 1 (Most Deprived) | B42: 19.257098 | C42: 19.027811 | D42: 18.99961 | E42: 18.897149 | F42: 18.990217 | G42: =IF(H42="Positive Change",1,IF(H42="Negative Change",-1,IF(H42="No Change",0,""))) -> 0 | H42: No Change
A43: 5 (Least Deprived) | B43: 21.849085 | C43: 21.743338 | D43: 21.736457 | E43: 21.649448 | F43: 21.985075 | G43: =IF(H43="Positive Change",1,IF(H43="Negative Change",-1,IF(H43="No Change",0,""))) -> 0 | H43: No Change
A44: Inequality Gaps
A45: Most-Least Deprived | B45: 2.591987 | C45: 2.7155272 | D45: 2.7368466 | E45: 2.7522993 | F45: 2.9948589 | G45: =IF(H45="Narrowed","►◄",IF(H45="Widened","◄►",IF(H45="No Change","▬",""))) -> ◄► | H45: Widened
A46: Most Deprived-NI | B46: 1.5989457 | C46: 1.7215322 | D46: 1.7023034 | E46: 1.6765403 | F46: 1.7567717 | G46: =IF(H46="Narrowed","►◄",IF(H46="Widened","◄►",IF(H46="No Change","▬",""))) -> ▬ | H46: No Change
A47: SII | B47: 2.6909134 | C47: 2.6765277 | D47: 2.8243305 | E47: 2.9157827 | F47: 3.2097237 | G47: =IF(H47="Narrowed","►◄",IF(H47="Widened","◄►",IF(H47="No Change","▬",""))) -> ◄► | H47: Widened
A49: Male Healthy Life Expectancy
A50: (Years) | B50: 2017-19 | C50: 2018-20 | D50: 2019-21 | E50: 2020-22 | F50: 2021-23 | G50: Trend Analysis
A51: Northern Ireland | B51: 59.220209 | C51: 60.073467 | D51: 60.600967 | E51: 61.233038 | F51: 60.306471 | G51: =IF(H51="Positive Change",1,IF(H51="Negative Change",-1,IF(H51="No Change",0,""))) -> 0 | H51: No Change
A52: Deprivation Quintiles
A53: 1 (Most Deprived) | B53: 51.605758 | C53: 53.768502 | D53: 55.096881 | E53: 54.823477 | F53: 52.038818 | G53: =IF(H53="Positive Change",1,IF(H53="Negative Change",-1,IF(H53="No Change",0,""))) -> 0 | H53: No Change
A54: 5 (Least Deprived) | B54: 65.05579 | C54: 65.773916 | D54: 66.284646 | E54: 66.997024 | F54: 65.621789 | G54: =IF(H54="Positive Change",1,IF(H54="Negative Change",-1,IF(H54="No Change",0,""))) -> 0 | H54: No Change
A55: Inequality Gaps
A56: Most-Least Deprived | B56: 13.450032 | C56: 12.005414 | D56: 11.187765 | E56: 12.173547 | F56: 13.582971 | G56: =IF(H56="Narrowed","►◄",IF(H56="Widened","◄►",IF(H56="No Change","▬",""))) -> ▬ | H56: No Change
A57: Most Deprived-NI | B57: 7.6144517 | C57: 6.3049642 | D57: 5.5040864 | E57: 6.4095614 | F57: 8.2676524 | G57: =IF(H57="Narrowed","►◄",IF(H57="Widened","◄►",IF(H57="No Change","▬",""))) -> ▬ | H57: No Change
A59: Female Healthy Life Expectancy
A60: (Years) | B60: 2017-19 | C60: 2018-20 | D60: 2019-21 | E60: 2020-22 | F60: 2021-23 | G60: Trend Analysis
A61: Northern Ireland | B61: 60.989619 | C61: 62.125082 | D61: 62.740512 | E61: 62.735672 | F61: 61.371152 | G61: =IF(H61="Positive Change",1,IF(H61="Negative Change",-1,IF(H61="No Change",0,""))) -> 0 | H61: No Change
A62: Deprivation Quintiles
A63: 1 (Most Deprived) | B63: 51.710014 | C63: 52.501446 | D63: 52.314693 | E63: 52.905314 | F63: 53.081137 | G63: =IF(H63="Positive Change",1,IF(H63="Negative Change",-1,IF(H63="No Change",0,""))) -> 1 | H63: Positive Change
A64: 5 (Least Deprived) | B64: 67.123429 | C64: 67.248086 | D64: 67.391319 | E64: 67.112676 | F64: 67.104034 | G64: =IF(H64="Positive Change",1,IF(H64="Negative Change",-1,IF(H64="No Change",0,""))) -> 0 | H64: No Change
A65: Inequality Gaps
A66: Most-Least Deprived | B66: 15.413415 | C66: 14.74664 | D66: 15.076626 | E66: 14.207362 | F66: 14.022897 | G66: =IF(H66="Narrowed","►◄",IF(H66="Widened","◄►",IF(H66="No Change","▬",""))) -> ►◄ | H66: Narrowed
A67: Most Deprived-NI | B67: 9.2796058 | C67: 9.6236366 | D67: 10.425819 | E67: 9.8303579 | F67: 8.2900148 | G67: =IF(H67="Narrowed","►◄",IF(H67="Widened","◄►",IF(H67="No Change","▬",""))) -> ►◄ | H67: Narrowed
A69: Male Disability Free Life Expectancy
A70: (Years) | B70: 2017-19 | C70: 2018-20 | D70: 2019-21 | E70: 2020-22 | F70: 2021-23 | G70: Trend Analysis
A71: Northern Ireland | B71: 57.92339 | C71: 58.211302 | D71: 58.611255 | E71: 59.15766 | F71: 58.240439 | G71: =IF(H71="Positive Change",1,IF(H71="Negative Change",-1,IF(H71="No Change",0,""))) -> 0 | H71: No Change
A72: Deprivation Quintiles
A73: 1 (Most Deprived) | B73: 49.61159 | C73: 50.578684 | D73: 52.365587 | E73: 52.445109 | F73: 51.838785 | G73: =IF(H73="Positive Change",1,IF(H73="Negative Change",-1,IF(H73="No Change",0,""))) -> 1 | H73: Positive Change
A74: 5 (Least Deprived) | B74: 62.097005 | C74: 61.998244 | D74: 62.201147 | E74: 63.516708 | F74: 62.440204 | G74: =IF(H74="Positive Change",1,IF(H74="Negative Change",-1,IF(H74="No Change",0,""))) -> 0 | H74: No Change
A75: Inequality Gaps
A76: Most-Least Deprived | B76: 12.485414 | C76: 11.41956 | D76: 9.8355604 | E76: 11.071599 | F76: 10.601418 | G76: =IF(H76="Narrowed","►◄",IF(H76="Widened","◄►",IF(H76="No Change","▬",""))) -> ►◄ | H76: Narrowed
A77: Most Deprived-NI | B77: 8.3117996 | C77: 7.632618 | D77: 6.2456681 | E77: 6.7125512 | F77: 6.4016537 | G77: =IF(H77="Narrowed","►◄",IF(H77="Widened","◄►",IF(H77="No Change","▬",""))) -> ►◄ | H77: Narrowed
A79: Female Disability Free Life Expectancy
A80: (Years) | B80: 2017-19 | C80: 2018-20 | D80: 2019-21 | E80: 2020-22 | F80: 2021-23 | G80: Trend Analysis
A81: Northern Ireland | B81: 58.369752 | C81: 59.023826 | D81: 58.735943 | E81: 58.533572 | F81: 57.386294 | G81: =IF(H81="Positive Change",1,IF(H81="Negative Change",-1,IF(H81="No Change",0,""))) -> 0 | H81: No Change
A82: Deprivation Quintiles
A83: 1 (Most Deprived) | B83: 49.627414 | C83: 50.179916 | D83: 50.374671 | E83: 50.915947 | F83: 51.432744 | G83: =IF(H83="Positive Change",1,IF(H83="Negative Change",-1,IF(H83="No Change",0,""))) -> 1 | H83: Positive Change
A84: 5 (Least Deprived) | B84: 62.906388 | C84: 62.278538 | D84: 61.705042 | E84: 61.887075 | F84: 62.084155 | G84: =IF(H84="Positive Change",1,IF(H84="Negative Change",-1,IF(H84="No Change",0,""))) -> 0 | H84: No Change
A85: Inequality Gaps
A86: Most-Least Deprived | B86: 13.278974 | C86: 12.098622 | D86: 11.330371 | E86: 10.971128 | F86: 10.65141 | G86: =IF(H86="Narrowed","►◄",IF(H86="Widened","◄►",IF(H86="No Change","▬",""))) -> ►◄ | H86: Narrowed
A87: Most Deprived-NI | B87: 8.7423376 | C87: 8.84391 | D87: 8.3612717 | E87: 7.6176254 | F87: 5.9535493 | G87: =IF(H87="Narrowed","►◄",IF(H87="Widened","◄►",IF(H87="No Change","▬",""))) -> ►◄ | H87: Narrowed
A89: Standardised Death Rate - All Deaths
A90: Deaths per 100,000 population | B90: 2019 | C90: 2020 | D90: 2021 | E90: 2022 | F90: 2023 | G90: Trend Analysis
A91: Northern Ireland | B91: 971.73694 | C91: 1069.972 | D91: 1046.5364 | E91: 1008.3952 | F91: 992.5581 | G91: =IF(H91="Positive Change",1,IF(H91="Negative Change",-1,IF(H91="No Change",0,""))) -> 0 | H91: No Change
A92: Deprivation Quintiles
A93: 1 (Most Deprived) | B93: 1215.8154 | C93: 1327.2259 | D93: 1323.7526 | E93: 1234.2377 | F93: 1246.3045 | G93: =IF(H93="Positive Change",1,IF(H93="Negative Change",-1,IF(H93="No Change",0,""))) -> 0 | H93: No Change
A94: 5 (Least Deprived) | B94: 838.81648 | C94: 946.22566 | D94: 870.93604 | E94: 866.26134 | F94: 845.18352 | G94: =IF(H94="Positive Change",1,IF(H94="Negative Change",-1,IF(H94="No Change",0,""))) -> 0 | H94: No Change
A95: Inequality Gaps
A96: Most-Least Deprived | B96: 0.44944145 | C96: 0.40265264 | D96: 0.51991938 | E96: 0.4247868 | F96: 0.47459633 | G96: =IF(H96="Narrowed","►◄",IF(H96="Widened","◄►",IF(H96="No Change","▬",""))) -> ▬ | H96: No Change
A97: Most Deprived-NI | B97: 0.25117747 | C97: 0.24043056 | D97: 0.26488915 | E97: 0.22396228 | F97: 0.25564892 | G97: =IF(H97="Narrowed","►◄",IF(H97="Widened","◄►",IF(H97="No Change","▬",""))) -> ▬ | H97: No Change
A98: RII | B98: -0.42674235 | C98: -0.37656493 | D98: -0.5024607 | E98: -0.4342362 | F98: -0.44240163 | G98: =IF(H98="Narrowed","►◄",IF(H98="Widened","◄►",IF(H98="No Change","▬",""))) -> ▬ | H98: No Change
A100: Very Good / Good General Health
A101: % Reporting very good/good health | B101: 2019/20 | C101: 2020/21 | D101: 2021/22 | E101: 2022/23 | F101: 2023/24 | G101: Trend Analysis
A102: Northern Ireland | B102: 0.71410032 | C102: 0.79083527 | D102: 0.73318926 | E102: 0.7197628 | F102: 0.68722394 | G102: =IF(H102="Positive Change",1,IF(H102="Negative Change",-1,IF(H102="No Change",0,""))) -> -1 | H102: Negative Change
A103: Deprivation Quintiles
A104: 1 (Most Deprived) | B104: 0.61833582 | C104: 0.73703045 | D104: 0.60888299 | E104: 0.6128987 | F104: 0.56242965 | G104: =IF(H104="Positive Change",1,IF(H104="Negative Change",-1,IF(H104="No Change",0,""))) -> -1 | H104: Negative Change
A105: 5 (Least Deprived) | B105: 0.7874292 | C105: 0.8058831 | D105: 0.80280838 | E105: 0.77311716 | F105: 0.76889242 | G105: =IF(H105="Positive Change",1,IF(H105="Negative Change",-1,IF(H105="No Change",0,""))) -> 0 | H105: No Change
A106: Inequality Gaps
A107: Most-Least Deprived | B107: 0.21474106 | C107: 0.085437521 | D107: 0.24155875 | E107: 0.20723697 | F107: 0.26851971 | G107: =IF(H107="Narrowed","►◄",IF(H107="Widened","◄►",IF(H107="No Change","▬",""))) -> ▬ | H107: No Change
A108: Most Deprived-NI | B108: 0.13410511 | C108: 0.068035438 | D108: 0.16954186 | E108: 0.14847127 | F108: 0.18159188 | G108: =IF(H108="Narrowed","►◄",IF(H108="Widened","◄►",IF(H108="No Change","▬",""))) -> ▬ | H108: No Change
A110: Long-term Conditions
A111: % Reporting long term condition | B111: 2019/20 | C111: 2020/21 | D111: 2021/22 | E111: 2022/23 | F111: 2023/24 | G111: Trend Analysis
A112: Northern Ireland | B112: 0.42678785 | C112: 0.41286812 | D112: 0.40494923 | E112: 0.4019513 | F112: 0.45740634 | G112: =IF(H112="Positive Change",1,IF(H112="Negative Change",-1,IF(H112="No Change",0,""))) -> -1 | H112: Negative Change
A113: Deprivation Quintiles
...

Sheet Belfast HSCT
A1: BELFAST HEALTH & SOCIAL CARE TRUST
H3: RAG Comparison
A4: Key: | B4: Worse than | C4: -1 | D4: Similar to | E4: 0 | F4: Better than | G4: 1
A5: Service-based indicators Key: | B5: Lower than | C5: -1 | D5: Similar to | E5: 0 | F5: Higher than | G5: 1
A6: Note: Area values are compared to Northern Ireland, Area's deprived areas are compared to Area Average
A8: Male Life Expectancy at Birth
A9: Years | B9: 2017-19 | C9: 2018-20 | D9: 2019-21 | E9: 2020-22 | F9: 2021-23
A10: Northern Ireland | B10: 78.818762 | C10: 78.733213 | D10: 78.476598 | E10: 78.425672 | F10: 78.763745
A11: Belfast Trust | B11: 76.592157 | C11: 76.358122 | D11: 76.166839 | E11: 76.334529 | F11: 77.124926 | G11: =H11 -> -1 | H11: -1
A12: Belfast Trust Deprived | B12: 70.885571 | C12: 70.562324 | D12: 70.29594 | E12: 70.842728 | F12: 72.042644 | G12: =H12 -> -1 | H12: -1
A13: Belfast Trust-NI Gap | B13: 2.2266053 | C13: 2.375091 | D13: 2.3097583 | E13: 2.0911435 | F13: 1.6388193
A14: Belfast Trust Deprivation Gap | B14: 5.7065857 | C14: 5.795798 | D14: 5.8708994 | E14: 5.4918009 | F14: 5.0822818
A16: Female Life Expectancy at Birth
A17: Years | B17: 2017-19 | C17: 2018-20 | D17: 2019-21 | E17: 2020-22 | F17: 2021-23
A18: Northern Ireland | B18: 82.58255 | C18: 82.425041 | D18: 82.289751 | E18: 82.255854 | F18: 82.485164
A19: Belfast Trust | B19: 81.097893 | C19: 80.726153 | D19: 80.740183 | E19: 80.833244 | F19: 81.095251 | G19: =H19 -> -1 | H19: -1
A20: Belfast Trust Deprived | B20: 76.86615 | C20: 76.262231 | D20: 76.352039 | E20: 76.970588 | F20: 76.691333 | G20: =H20 -> -1 | H20: -1
A21: Belfast Trust-NI Gap | B21: 1.4846572 | C21: 1.6988874 | D21: 1.5495677 | E21: 1.4226102 | F21: 1.3899124
A22: Belfast Trust Deprivation Gap | B22: 4.2317432 | C22: 4.4639228 | D22: 4.3881446 | E22: 3.8626553 | F22: 4.4039183
A24: Male Life Expectancy at Age 65
A25: Years | B25: 2017-19 | C25: 2018-20 | D25: 2019-21 | E25: 2020-22 | F25: 2021-23
A26: Northern Ireland | B26: 18.536761 | C26: 18.484435 | D26: 18.365174 | E26: 18.304984 | F26: 18.506212
A27: Belfast Trust | B27: 17.530418 | C27: 17.243549 | D27: 17.151188 | E27: 17.142029 | F27: 17.565209 | G27: =H27 -> -1 | H27: -1
A28: Belfast Trust Deprived | B28: 15.542331 | C28: 14.954387 | D28: 14.979972 | E28: 15.079483 | F28: 15.68993 | G28: =H28 -> -1 | H28: -1
A29: Belfast Trust-NI Gap | B29: 1.0063435 | C29: 1.2408862 | D29: 1.213986 | E29: 1.162955 | F29: 0.94100248
A30: Belfast Trust Deprivation Gap | B30: 1.9880867 | C30: 2.2891614 | D30: 2.1712156 | E30: 2.0625454 | F30: 1.8752795
A32: Female Life Expectancy at Age 65
A33: Years | B33: 2017-19 | C33: 2018-20 | D33: 2019-21 | E33: 2020-21 | F33: 2021-23
A34: Northern Ireland | B34: 20.856044 | C34: 20.749343 | D34: 20.701913 | E34: 20.57369 | F34: 20.746988
A35: Belfast Trust | B35: 20.113649 | C35: 19.813133 | D35: 19.787306 | E35: 19.661173 | F35: 19.89491 | G35: =H35 -> -1 | H35: -1
A36: Belfast Trust Deprived | B36: 17.890488 | C36: 17.754832 | D36: 17.859873 | E36: 17.984854 | F36: 17.75289 | G36: =H36 -> -1 | H36: -1
A37: Belfast Trust-NI Gap | B37: 0.74239509 | C37: 0.93621035 | D37: 0.91460742 | E37: 0.91251699 | F37: 0.85207816
A38: Belfast Trust Deprivation Gap | B38: 2.2231606 | C38: 2.0583014 | D38: 1.9274324 | E38: 1.6763181 | F38: 2.1420202
A40: Standardised Death Rate - All Deaths
A41: Deaths per 100,000 population | B41: 2017-19 | C41: 2018-20 | D41: 2019-21 | E41: 2020-22 | F41: 2021-23
A42: Northern Ireland | B42: 1004.5825 | C42: 1017.2747 | D42: 1029.771 | E42: 1041.2114 | F42: 1015.538
A43: Belfast Trust | B43: 1124.9628 | C43: 1156.6452 | D43: 1152.4576 | E43: 1165.208 | F43: 1120.7563 | G43: =H43 -> 1 | H43: 1
A44: Belfast Trust Deprived | B44: 1460.36 | C44: 1518.636 | D44: 1523.2532 | E44: 1494.8477 | F44: 1454.362 | G44: =H44 -> 1 | H44: 1
A45: Belfast Trust-NI Gap | B45: 0.11983116 | C45: 0.13700378 | D45: 0.11913969 | E45: 0.11908881 | F45: 0.10360848
A46: Belfast Trust Deprivation Gap | B46: 0.29814071 | C46: 0.31296618 | D46: 0.3217434 | E46: 0.28290201 | F46: 0.29766119
A48: Potential Years of Life Lost
A49: Years lost per 100 persons | B49: 2017-19 | C49: 2018-20 | D49: 2019-21 | E49: 2020-22 | F49: 2021-23
A50: Northern Ireland | B50: 8.4327762 | C50: 8.5044878 | D50: 8.6991847 | E50: 8.7130255 | F50: 8.4902427
A51: Belfast Trust | B51: 10.761418 | C51: 10.946997 | D51: 11.023941 | E51: 10.883761 | F51: 10.33379 | G51: =H51 -> 1 | H51: 1
A52: Belfast Trust Deprived | B52: 18.559742 | C52: 19.048293 | D52: 19.201449 | E52: 18.2665 | F52: 17.633489 | G52: =H52 -> 1 | H52: 1
A53: Belfast Trust-NI Gap | B53: 0.2761418 | C53: 0.28720243 | D53: 0.26723843 | E53: 0.24913687 | F53: 0.21713721
A54: Belfast Trust Deprivation Gap | B54: 0.72465575 | C54: 0.74004732 | D54: 0.74179535 | E54: 0.67832598 | F54: 0.70639121
A56: Standardised Death Rate - Treatable
A57: Deaths per 100,000 population | B57: 2015-19 | C57: 2016-20 | D57: 2017-21 | E57: 2018-22 | F57: 2019-23
A58: Northern Ireland | B58: 83.317505 | C58: 81.893403 | D58: 80.471145 | E58: 79.5597 | F58: 79.419745
A59: Belfast Trust | B59: 104.51837 | C59: 100.70373 | D59: 98.731019 | E59: 96.91815 | F59: 95.920615 | G59: =H59 -> 1 | H59: 1
A60: Belfast Trust Deprived | B60: 158.84236 | C60: 153.14919 | D60: 148.93329 | E60: 138.9583 | F60: 145.2965 | G60: =H60 -> 1 | H60: 1
A61: Belfast Trust-NI Gap | B61: 0.25445871 | C61: 0.22969282 | D61: 0.22691207 | E61: 0.21818143 | F61: 0.20776785
A62: Belfast Trust Deprivation Gap | B62: 0.51975542 | C62: 0.52078968 | D62: 0.50847517 | E62: 0.43376965 | F62: 0.51475781
A64: Standardised Death Rate - Preventable
A65: Deaths per 100,000 population | B65: 2015-19 | C65: 2016-20 | D65: 2017-21 | E65: 2018-22 | F65: 2019-23
A66: Northern Ireland | B66: 168.80488 | C66: 172.55081 | D66: 178.3291 | E66: 178.97441 | F66: 177.45494
A67: Belfast Trust | B67: 224.53512 | C67: 231.85635 | D67: 238.54514 | E67: 241.48655 | F67: 237.73651 | G67: =H67 -> 1 | H67: 1
A68: Belfast Trust Deprived | B68: 416.29051 | C68: 433.73501 | D68: 456.6241 | E68: 457.31925 | F68: 452.19822 | G68: =H68 -> 1 | H68: 1
A69: Belfast Trust-NI Gap | B69: 0.33014592 | C69: 0.343699 | D69: 0.33766809 | E69: 0.34927976 | F69: 0.3397007
A70: Belfast Trust Deprivation Gap | B70: 0.85401072 | C70: 0.87070574 | D70: 0.91420414 | E70: 0.89376697 | F70: 0.90209831
A72: Standardised Death Rate - Avoidable
A73: Deaths per 100,000 population | B73: 2015-19 | C73: 2016-20 | D73: 2017-21 | E73: 2018-22 | F73: 2019-23
A74: Northern Ireland | B74: 252.12136 | C74: 254.44421 | D74: 258.80024 | E74: 258.53411 | F74: 256.87469
A75: Belfast Trust | B75: 329.08715 | C75: 332.55869 | D75: 337.27849 | E75: 338.40562 | F75: 333.65858 | G75: =H75 -> 1 | H75: 1
A76: Belfast Trust Deprived | B76: 575.20235 | C76: 586.88473 | D76: 605.56787 | E76: 596.28466 | F76: 597.50384 | G76: =H76 -> 1 | H76: 1
A77: Belfast Trust-NI Gap | B77: 0.30527276 | C77: 0.30700041 | D77: 0.30323871 | E77: 0.30893993 | F77: 0.29891576
A78: Belfast Trust Deprivation Gap | B78: 0.74787244 | C78: 0.76475535 | D78: 0.79545358 | E78: 0.76204122 | F78: 0.79076418
A80: Standardised Death Rate - Circulatory U75
A81: Deaths per 100,000 population | B81: 2015-19 | C81: 2016-20 | D81: 2017-21 | E81: 2018-22 | F81: 2019-23
A82: Northern Ireland | B82: 70.321836 | C82: 69.763178 | D82: 68.907793 | E82: 68.021737 | F82: 67.875231
A83: Belfast Trust | B83: 87.182848 | C83: 83.515026 | D83: 82.08065 | E83: 79.823932 | F83: 81.213453 | G83: =H83 -> 1 | H83: 1
A84: Belfast Trust Deprived | B84: 133.84979 | C84: 132.10348 | D84: 135.75818 | E84: 128.22059 | F84: 141.42886 | G84: =H84 -> 1 | H84: 1
A85: Belfast Trust-NI Gap | B85: 0.23976922 | C85: 0.19712187 | D85: 0.19116644 | E85: 0.17350622 | F85: 0.19651088
A86: Belfast Trust Deprivation Gap | B86: 0.53527658 | C86: 0.58179293 | D86: 0.65396078 | E86: 0.6062926 | F86: 0.74144626
A88: Standardised Death Rate - Respiratory U75
A89: Deaths per 100,000 population | B89: 2015-19 | C89: 2016-20 | D89: 2017-21 | E89: 2018-22 | F89: 2019-23
A90: Northern Ireland | B90: 34.741349 | C90: 33.366205 | D90: 32.124939 | E90: 32.143738 | F90: 31.067113
A91: Belfast Trust | B91: 47.9186 | C91: 45.069682 | D91: 46.509957 | E91: 46.590303 | F91: 45.81384 | G91: =H91 -> 1 | H91: 1
A92: Belfast Trust Deprived | B92: 97.612461 | C92: 93.490007 | D92: 91.825105 | E92: 92.569885 | F92: 95.381572 | G92: =H92 -> 1 | H92: 1
A93: Belfast Trust-NI Gap | B93: 0.37929591 | C93: 0.35075841 | D93: 0.44778354 | E93: 0.44943641 | F93: 0.47467324
A94: Belfast Trust Deprivation Gap | B94: 1.0370474 | C94: 1.0743436 | D94: 0.97431067 | E94: 0.98689166 | F94: 1.0819379
A96: Standardised Death Rate - Cancer U75
A97: Deaths per 100,000 population | B97: 2015-19 | C97: 2016-20 | D97: 2017-21 | E97: 2018-22 | F97: 2019-23
A98: Northern Ireland | B98: 142.3576 | C98: 139.92662 | D98: 136.18935 | E98: 133.32672 | F98: 131.42785
A99: Belfast Trust | B99: 170.54882 | C99: 171.01023 | D99: 166.17428 | E99: 163.32372 | F99: 160.1653 | G99: =H99 -> 1 | H99: 1
A100: Belfast Trust Deprived | B100: 270.12844 | C100: 266.50058 | D100: 260.61294 | E100: 259.49302 | F100: 243.81029 | G100: =H100 -> 1 | H100: 1
A101: Belfast Trust-NI Gap | B101: 0.19803104 | C101: 0.22214226 | D101: 0.22017089 | E101: 0.2249886 | F101: 0.21865574
A102: Belfast Trust Deprivation Gap | B102: 0.58387751 | C102: 0.55838967 | D102: 0.56831101 | E102: 0.58882631 | F102: 0.5222416
A104: Standardised Death Rate - All Cause U75
A105: Deaths per 100,000 population | B105: 2015-19 | C105: 2016-20 | D105: 2017-21 | E105: 2018-22 | F105: 2019-23
A106: Northern Ireland | B106: 360.7136 | C106: 361.54671 | D106: 364.15376 | E106: 360.54955 | F106: 361.29698
A107: Belfast Trust | B107: 453.35042 | C107: 457.30592 | D107: 458.66429 | E107: 454.43139 | F107: 452.71898 | G107: =H107 -> 1 | H107: 1
A108: Belfast Trust Deprived | B108: 753.57483 | C108: 766.0965 | D108: 771.64933 | E108: 765.07643 | F108: 763.54382 | G108: =H108 -> 1 | H108: 1
A109: Belfast Trust-NI Gap | B109: 0.25681544 | C109: 0.26485986 | D109: 0.25953468 | E109: 0.26038539 | F109: 0.25303839
A110: Belfast Trust Deprivation Gap | B110: 0.66223478 | C110: 0.67523854 | D110: 0.68238372 | E110: 0.68359062 | F110: 0.68657347
A112: Standardised Admission Rate - Circulatory
A113: Admissions per 100,000 population | B113: 2017/18-2019/20 | C113: 2018/19-2020/21 | D113: 2019/20-2021/22 | E113: 2020/21-2022/23 | F113: 2021/22-2023/24
A114: Northern Ireland | B114: 1941.8663 | C114: 1720.6156 | D114: 1564.9302 | E114: 1441.0406 | F114: 1521.0539
A115: Belfast Trust | B115: 1781.282 | C115: 1577.3705 | D115: 1439.0516 | E115: 1351.981 | F115: 1453.6189 | G115: =H115 -> -1 | H115: -1
...

Sheet Northern HSCT
A1: NORTHERN HEALTH & SOCIAL CARE TRUST
H3: RAG Comparison
A4: Key: | B4: Worse than | C4: -1 | D4: Similar to | E4: 0 | F4: Better than | G4: 1
A5: Service-based indicators Key: | B5: Lower than | C5: -1 | D5: Similar to | E5: 0 | F5: Higher than | G5: 1
A6: Note: Area values are compared to Northern Ireland, Area's deprived areas are compared to Area Average
A8: Male Life Expectancy at Birth
A9: Years | B9: 2017-19 | C9: 2018-20 | D9: 2019-21 | E9: 2020-22 | F9: 2021-23
A10: Northern Ireland | B10: 78.818762 | C10: 78.733213 | D10: 78.476598 | E10: 78.425672 | F10: 78.763745
A11: Northern Trust | B11: 79.608243 | C11: 79.435878 | D11: 79.078412 | E11: 78.867222 | F11: 79.059918 | G11: =H11 -> 0 | H11: 0
A12: Northern Trust Deprived | B12: 75.890099 | C12: 75.987616 | D12: 75.496494 | E12: 74.979065 | F12: 74.982473 | G12: =H12 -> -1 | H12: -1
A13: Northern Trust-NI Gap | B13: -0.78948116 | C13: -0.70266505 | D13: -0.60181432 | E13: -0.44154996 | F13: -0.29617288
A14: Northern Trust Deprivation Gap | B14: 3.7181447 | C14: 3.4482618 | D14: 3.5819175 | E14: 3.888157 | F14: 4.0774451
A16: Female Life Expectancy at Birth
A17: Years | B17: 2017-19 | C17: 2018-20 | D17: 2019-21 | E17: 2020-22 | F17: 2021-23
A18: Northern Ireland | B18: 82.58255 | C18: 82.425041 | D18: 82.289751 | E18: 82.255854 | F18: 82.485164
A19: Northern Trust | B19: 82.924094 | C19: 82.705832 | D19: 82.718866 | E19: 82.763167 | F19: 83.039077 | G19: =H19 -> 1 | H19: 1
A20: Northern Trust Deprived | B20: 80.389996 | C20: 80.076937 | D20: 80.411047 | E20: 80.559935 | F20: 81.041005 | G20: =H20 -> -1 | H20: -1
A21: Northern Trust-NI Gap | B21: -0.34154338 | C21: -0.28079093 | D21: -0.42911503 | E21: -0.50731321 | F21: -0.55391301
A22: Northern Trust Deprivation Gap | B22: 2.5340977 | C22: 2.6288947 | D22: 2.3078193 | E22: 2.2032323 | F22: 1.9980716
A24: Male Life Expectancy at Age 65
A25: Years | B25: 2017-19 | C25: 2018-20 | D25: 2019-21 | E25: 2020-22 | F25: 2021-23
A26: Northern Ireland | B26: 18.536761 | C26: 18.484435 | D26: 18.365174 | E26: 18.304984 | F26: 18.506212
A27: Northern Trust | B27: 18.763484 | C27: 18.558746 | D27: 18.371541 | E27: 18.37674 | F27: 18.632569 | G27: =H27 -> 0 | H27: 0
A28: Northern Trust Deprived | B28: 16.862671 | C28: 17.087799 | D28: 17.000304 | E28: 16.848475 | F28: 17.055555 | G28: =H28 -> -1 | H28: -1
A29: Northern Trust-NI Gap | B29: -0.22672224 | C29: -0.074311229 | D29: -0.0063677132 | E29: -0.071756396 | F29: -0.12635749
A30: Northern Trust Deprivation Gap | B30: 1.900813 | C30: 1.470947 | D30: 1.3712372 | E30: 1.5282654 | F30: 1.5770139
A32: Female Life Expectancy at Age 65
A33: Years | B33: 2017-19 | C33: 2018-20 | D33: 2019-21 | E33: 2020-22 | F33: 2021-23
A34: Northern Ireland | B34: 20.856044 | C34: 20.749343 | D34: 20.701913 | E34: 20.57369 | F34: 20.746988
A35: Northern Trust | B35: 21.026384 | C35: 20.860514 | D35: 20.853002 | E35: 20.787381 | F35: 21.025012 | G35: =H35 -> 0 | H35: 0
A36: Northern Trust Deprived | B36: 19.98215 | C36: 19.706543 | D36: 19.891518 | E36: 19.673391 | F36: 19.924682 | G36: =H36 -> -1 | H36: -1
A37: Northern Trust-NI Gap | B37: -0.17034035 | C37: -0.11117065 | D37: -0.15108895 | E37: -0.21369113 | F37: -0.27802338
A38: Northern Trust Deprivation Gap | B38: 1.0442341 | C38: 1.1539712 | D38: 0.96148376 | E38: 1.1139897 | F38: 1.1003299
A40: Standardised Death Rate - All Deaths
A41: Deaths per 100,000 population | B41: 2017-19 | C41: 2018-20 | D41: 2019-21 | E41: 2020-22 | F41: 2021-23
A42: Northern Ireland | B42: 1004.5825 | C42: 1017.2747 | D42: 1029.771 | E42: 1041.2114 | F42: 1015.538
A43: Northern Trust | B43: 972.10275 | C43: 997.45642 | D43: 1018.0438 | E43: 1018.8334 | F43: 990.48666 | G43: =H43 -> -1 | H43: -1
A44: Northern Trust Deprived | B44: 1186.4738 | C44: 1191.7405 | D44: 1189.1347 | E44: 1218.6575 | F44: 1190.6002 | G44: =H44 -> 1 | H44: 1
A45: Northern Trust-NI Gap | B45: -0.032331604 | C45: -0.01948176 | D45: -0.011388211 | E45: -0.021492265 | F45: -0.024668049
A46: Northern Trust Deprivation Gap | B46: 0.22052303 | C46: 0.19477948 | D46: 0.16805856 | E46: 0.19613033 | F46: 0.20203557
A48: Potential Years of Life Lost
A49: Years lost per 100 persons | B49: 2017-19 | C49: 2018-20 | D49: 2019-21 | E49: 2020-22 | F49: 2021-23
A50: Northern Ireland | B50: 8.4327762 | C50: 8.5044878 | D50: 8.6991847 | E50: 8.7130255 | F50: 8.4902427
A51: Northern Trust | B51: 7.8459544 | C51: 7.8854681 | D51: 8.0081895 | E51: 8.056318 | F51: 7.8937103 | G51: =H51 -> -1 | H51: -1
A52: Northern Trust Deprived | B52: 11.495478 | C52: 11.658491 | D52: 11.785224 | E52: 11.876367 | F52: 11.601888 | G52: =H52 -> 1 | H52: 1
A53: Northern Trust-NI Gap | B53: -0.069588211 | C53: -0.072787415 | D53: -0.079432183 | E53: -0.075370778 | F53: -0.070260944
A54: Northern Trust Deprivation Gap | B54: 0.46514716 | C54: 0.47847802 | D54: 0.47164646 | E54: 0.47416806 | F54: 0.46976362
A56: Standardised Death Rate - Treatable
A57: Deaths per 100,000 population | B57: 2015-19 | C57: 2016-20 | D57: 2017-21 | E57: 2018-22 | F57: 2019-23
A58: Northern Ireland | B58: 83.317505 | C58: 81.893403 | D58: 80.471145 | E58: 79.5597 | F58: 79.419745
A59: Northern Trust | B59: 78.408274 | C59: 77.07346 | D59: 76.948623 | E59: 76.571501 | F59: 76.377855 | G59: =H59 -> 0 | H59: 0
A60: Northern Trust Deprived | B60: 104.9876 | C60: 104.90275 | D60: 106.26222 | E60: 105.29983 | F60: 106.89364 | G60: =H60 -> 1 | H60: 1
A61: Northern Trust-NI Gap | B61: -0.058921964 | C61: -0.058856307 | D61: -0.043773727 | E61: -0.037559211 | F61: -0.038301433
A62: Northern Trust Deprivation Gap | B62: 0.33898626 | C62: 0.36107483 | D62: 0.3809502 | E62: 0.37518305 | F62: 0.39953706
A64: Standardised Death Rate - Preventable
A65: Deaths per 100,000 population | B65: 2015-19 | C65: 2016-20 | D65: 2017-21 | E65: 2018-22 | F65: 2019-23
A66: Northern Ireland | B66: 168.80488 | C66: 172.55081 | D66: 178.3291 | E66: 178.97441 | F66: 177.45494
A67: Northern Trust | B67: 155.60931 | C67: 161.47356 | D67: 166.54903 | E67: 164.90788 | F67: 161.37436 | G67: =H67 -> -1 | H67: -1
A68: Northern Trust Deprived | B68: 248.66888 | C68: 254.36639 | D68: 261.38718 | E68: 253.13829 | F68: 246.37184 | G68: =H68 -> 1 | H68: 1
A69: Northern Trust-NI Gap | B69: -0.078170536 | C69: -0.064197012 | D69: -0.066058 | E69: -0.078595187 | F69: -0.090617835
A70: Northern Trust Deprivation Gap | B70: 0.59803348 | C70: 0.57528197 | D70: 0.56943079 | E70: 0.53502842 | F70: 0.52670994
A72: Standardised Death Rate - Avoidable
A73: Deaths per 100,000 population | B73: 2015-19 | C73: 2016-20 | D73: 2017-21 | E73: 2018-22 | F73: 2019-23
A74: Northern Ireland | B74: 252.12136 | C74: 254.44421 | D74: 258.80024 | E74: 258.53411 | F74: 256.87469
A75: Northern Trust | B75: 233.9807 | C75: 238.54615 | D75: 243.49772 | E75: 241.47982 | F75: 237.75202 | G75: =H75 -> -1 | H75: -1
A76: Northern Trust Deprived | B76: 353.6769 | C76: 359.26687 | D76: 367.64764 | E76: 358.43786 | F76: 353.26496 | G76: =H76 -> 1 | H76: 1
A77: Northern Trust-NI Gap | B77: -0.071952115 | C77: -0.062481545 | D77: -0.05912869 | E77: -0.065965335 | F77: -0.074443556
A78: Northern Trust Deprivation Gap | B78: 0.51156442 | C78: 0.50606864 | D78: 0.50986072 | E78: 0.48433875 | F78: 0.48585468
A80: Standardised Death Rate - Circulatory U75
A81: Deaths per 100,000 population | B81: 2015-19 | C81: 2016-20 | D81: 2017-21 | E81: 2018-22 | F81: 2019-23
A82: Northern Ireland | B82: 70.321836 | C82: 69.763178 | D82: 68.907793 | E82: 68.021737 | F82: 67.875231
A83: Northern Trust | B83: 67.765762 | C83: 67.386441 | D83: 67.465844 | E83: 67.073924 | F83: 66.423964 | G83: =H83 -> 0 | H83: 0
A84: Northern Trust Deprived | B84: 106.32985 | C84: 104.67896 | D84: 108.13181 | E84: 108.679 | F84: 106.0627 | G84: =H84 -> 1 | H84: 1
A85: Northern Trust-NI Gap | B85: -0.036348236 | C85: -0.034068638 | D85: -0.020925765 | E85: -0.013933976 | F85: -0.021381396
A86: Northern Trust Deprivation Gap | B86: 0.56907925 | C86: 0.55341284 | D86: 0.60276374 | E86: 0.62028682 | F86: 0.59675353
A88: Standardised Death Rate - Respiratory U75
A89: Deaths per 100,000 population | B89: 2015-19 | C89: 2016-20 | D89: 2017-21 | E89: 2018-22 | F89: 2019-23
A90: Northern Ireland | B90: 34.741349 | C90: 33.366205 | D90: 32.124939 | E90: 32.143738 | F90: 31.067113
A91: Northern Trust | B91: 32.350313 | C91: 32.693437 | D91: 30.089683 | E91: 30.632169 | F91: 28.76096 | G91: =H91 -> 0 | H91: 0
A92: Northern Trust Deprived | B92: 50.95396 | C92: 53.817687 | D92: 51.065611 | E92: 52.845722 | F92: 45.854095 | G92: =H92 -> 1 | H92: 1
A93: Northern Trust-NI Gap | B93: -0.06882392 | C93: -0.02016316 | D93: -0.063354369 | E93: -0.047025289 | F93: -0.074231339
A94: Northern Trust Deprivation Gap | B94: 0.57506854 | C94: 0.64613118 | D94: 0.6971136 | E94: 0.72517076 | F94: 0.59431729
A96: Standardised Death Rate - Cancer U75
A97: Deaths per 100,000 population | B97: 2015-19 | C97: 2016-20 | D97: 2017-21 | E97: 2018-22 | F97: 2019-23
A98: Northern Ireland | B98: 142.3576 | C98: 139.92662 | D98: 136.18935 | E98: 133.32672 | F98: 131.42785
A99: Northern Trust | B99: 135.4706 | C99: 133.53262 | D99: 130.70098 | E99: 125.91049 | F99: 122.67937 | G99: =H99 -> 0 | H99: 0
A100: Northern Trust Deprived | B100: 165.19256 | C100: 160.24643 | D100: 156.47839 | E100: 145.44779 | F100: 148.1994 | G100: =H100 -> 1 | H100: 1
A101: Northern Trust-NI Gap | B101: -0.048378116 | C101: -0.045695385 | D101: -0.04029949 | E101: -0.055624478 | F101: -0.066564852
A102: Northern Trust Deprivation Gap | B102: 0.2193978 | C102: 0.2000546 | D102: 0.19722428 | E102: 0.15516813 | F102: 0.20802213
A104: Standardised Death Rate - All Cause U75
A105: Deaths per 100,000 population | B105: 2015-19 | C105: 2016-20 | D105: 2017-21 | E105: 2018-22 | F105: 2019-23
A106: Northern Ireland | B106: 360.7136 | C106: 361.54671 | D106: 364.15376 | E106: 360.54955 | F106: 361.29698
A107: Northern Trust | B107: 337.65055 | C107: 341.22177 | D107: 345.79898 | E107: 343.02176 | F107: 337.94411 | G107: =H107 -> -1 | H107: -1
A108: Northern Trust Deprived | B108: 473.96878 | C108: 483.30502 | D108: 492.62203 | E108: 489.45585 | F108: 479.37832 | G108: =H108 -> 1 | H108: 1
A109: Northern Trust-NI Gap | B109: -0.063937295 | C109: -0.056216622 | D109: -0.050403919 | E109: -0.048614111 | F109: -0.064636199
A110: Northern Trust Deprivation Gap | B110: 0.40372579 | C110: 0.4163956 | D110: 0.42459074 | E110: 0.42689447 | F110: 0.41851361
A112: Standardised Admission Rate - Circulatory
A113: Admissions per 100,000 population | B113: 2017/18-2019/20 | C113: 2018/19-2020/21 | D113: 2019/20-2021/22 | E113: 2020/21-2022/23 | F113: 2021/22-2023/24
A114: Northern Ireland | B114: 1941.8663 | C114: 1720.6156 | D114: 1564.9302 | E114: 1441.0406 | F114: 1521.0539
A115: Northern Trust | B115: 2034.5789 | C115: 1799.9837 | D115: 1625.1924 | E115: 1480.3361 | F115: 1553.7428 | G115: =H115 -> 1 | H115: 1
...

Sheet South Eastern HSCT
A1: SOUTH EASTERN HEALTH & SOCIAL CARE TRUST
H3: RAG Comparison
A4: Key: | B4: Worse than | C4: -1 | D4: Similar to | E4: 0 | F4: Better than | G4: 1
A5: Service-based indicators Key: | B5: Lower than | C5: -1 | D5: Similar to | E5: 0 | F5: Higher than | G5: 1
A6: Note: Area values are compared to Northern Ireland, Area's deprived areas are compared to Area Average
A8: Male Life Expectancy at Birth
A9: Years | B9: 2017-19 | C9: 2018-20 | D9: 2019-21 | E9: 2020-22 | F9: 2021-23
A10: Northern Ireland | B10: 78.818762 | C10: 78.733213 | D10: 78.476598 | E10: 78.425672 | F10: 78.763745
A11: South Eastern Trust | B11: 79.562559 | C11: 79.589949 | D11: 79.530852 | E11: 79.709935 | F11: 79.806534 | G11: =H11 -> 1 | H11: 1
A12: South Eastern Trust Deprived | B12: 75.695257 | C12: 75.899141 | D12: 75.17392 | E12: 75.703942 | F12: 75.469379 | G12: =H12 -> -1 | H12: -1
A13: South Eastern Trust-NI Gap | B13: -0.74379698 | C13: -0.85673597 | D13: -1.0542545 | E13: -1.2842632 | F13: -1.0427893
A14: South Eastern Trust Deprivation Gap | B14: 3.8673021 | C14: 3.6908083 | D14: 4.3569319 | E14: 4.0059933 | F14: 4.3371553
A16: Female Life Expectancy at Birth
A17: Years | B17: 2017-19 | C17: 2018-20 | D17: 2019-21 | E17: 2020-22 | F17: 2021-23
A18: Northern Ireland | B18: 82.58255 | C18: 82.425041 | D18: 82.289751 | E18: 82.255854 | F18: 82.485164
A19: South Eastern Trust | B19: 83.169326 | C19: 82.969657 | D19: 82.90798 | E19: 82.653805 | F19: 82.983856 | G19: =H19 -> 1 | H19: 1
A20: South Eastern Trust Deprived | B20: 81.05906 | C20: 80.753756 | D20: 80.768042 | E20: 80.193609 | F20: 80.472001 | G20: =H20 -> -1 | H20: -1
A21: South Eastern Trust-NI Gap | B21: -0.58677592 | C21: -0.54461594 | D21: -0.61822876 | E21: -0.39795102 | F21: -0.49869249
A22: South Eastern Trust Deprivation Gap | B22: 2.1102666 | C22: 2.2159006 | D22: 2.1399376 | E22: 2.460196 | F22: 2.5118548
A24: Male Life Expectancy at Age 65
A25: Years | B25: 2017-19 | C25: 2018-20 | D25: 2019-21 | E25: 2020-22 | F25: 2021-23
A26: Northern Ireland | B26: 18.536761 | C26: 18.484435 | D26: 18.365174 | E26: 18.304984 | F26: 18.506212
A27: South Eastern Trust | B27: 19.154221 | C27: 19.214089 | D27: 19.18785 | E27: 18.96142 | F27: 19.020012 | G27: =H27 -> 1 | H27: 1
A28: South Eastern Trust Deprived | B28: 17.76063 | C28: 17.901487 | D28: 17.768582 | E28: 17.31915 | F28: 17.34344 | G28: =H28 -> -1 | H28: -1
A29: South Eastern Trust-NI Gap | B29: -0.61745912 | C29: -0.72965459 | D29: -0.82267646 | E29: -0.6564358 | F29: -0.51379998
A30: South Eastern Trust Deprivation Gap | B30: 1.3935907 | C30: 1.3126029 | D30: 1.4192685 | E30: 1.6422698 | F30: 1.6765715
A32: Female Life Expectancy at Age 65
A33: Years | B33: 2017-19 | C33: 2018-20 | D33: 2019-21 | E33: 2020-22 | F33: 2021-23
A34: Northern Ireland | B34: 20.856044 | C34: 20.749343 | D34: 20.701913 | E34: 20.57369 | F34: 20.746988
A35: South Eastern Trust | B35: 21.25494 | C35: 21.105019 | D35: 21.172804 | E35: 20.980155 | F35: 21.156416 | G35: =H35 -> 1 | H35: 1
A36: South Eastern Trust Deprived | B36: 20.188323 | C36: 19.863534 | D36: 20.280362 | E36: 19.898038 | F36: 20.219529 | G36: =H36 -> -1 | H36: -1
A37: South Eastern Trust-NI Gap | B37: -0.39889652 | C37: -0.35567582 | D37: -0.47089058 | E37: -0.40646501 | F37: -0.40942749
A38: South Eastern Trust Deprivation Gap | B38: 1.0666167 | C38: 1.2414856 | D38: 0.89244228 | E38: 1.0821164 | F38: 0.93688683
A40: Standardised Death Rate - All Deaths
A41: Deaths per 100,000 population | B41: 2017-19 | C41: 2018-20 | D41: 2019-21 | E41: 2020-22 | F41: 2021-23
A42: Northern Ireland | B42: 1004.5825 | C42: 1017.2747 | D42: 1029.771 | E42: 1041.2114 | F42: 1015.538
A43: South Eastern Trust | B43: 946.34203 | C43: 953.59015 | D43: 968.55586 | E43: 975.57582 | F43: 955.16997 | G43: =H43 -> -1 | H43: -1
A44: South Eastern Trust Deprived | B44: 1110.4897 | C44: 1122.2541 | D44: 1129.9072 | E44: 1164.8001 | F44: 1134.4397 | G44: =H44 -> 1 | H44: 1
A45: South Eastern Trust-NI Gap | B45: -0.057974806 | C45: -0.062603122 | D45: -0.059445391 | E45: -0.063037681 | F45: -0.05944438
A46: South Eastern Trust Deprivation Gap | B46: 0.17345488 | C46: 0.1768726 | D46: 0.1665896 | E46: 0.19396161 | F46: 0.1876836
A48: Potential Years of Life Lost
A49: Years lost per 100 persons | B49: 2017-19 | C49: 2018-20 | D49: 2019-21 | E49: 2020-22 | F49: 2021-23
A50: Northern Ireland | B50: 8.4327762 | C50: 8.5044878 | D50: 8.6991847 | E50: 8.7130255 | F50: 8.4902427
A51: South Eastern Trust | B51: 7.7577563 | C51: 7.8277873 | D51: 7.9521813 | E51: 7.8722725 | F51: 7.7515172 | G51: =H51 -> -1 | H51: -1
A52: South Eastern Trust Deprived | B52: 11.669225 | C52: 11.801147 | D52: 12.329021 | E52: 12.315131 | F52: 12.571337 | G52: =H52 -> 1 | H52: 1
A53: South Eastern Trust-NI Gap | B53: -0.080047176 | C53: -0.079569814 | D53: -0.085870503 | E53: -0.096493804 | F53: -0.08700876
A54: South Eastern Trust Deprivation Gap | B54: 0.50420101 | C54: 0.50759676 | D54: 0.55039489 | E54: 0.56436799 | F54: 0.62179045
A56: Standardised Death Rate - Treatable
A57: Deaths per 100,000 population | B57: 2015-19 | C57: 2016-20 | D57: 2017-21 | E57: 2018-22 | F57: 2019-23
A58: Northern Ireland | B58: 83.317505 | C58: 81.893403 | D58: 80.471145 | E58: 79.5597 | F58: 79.419745
A59: South Eastern Trust | B59: 76.043303 | C59: 75.659272 | D59: 74.487888 | E59: 73.244583 | F59: 73.392855 | G59: =H59 -> -1 | H59: -1
A60: South Eastern Trust Deprived | B60: 106.13286 | C60: 105.44455 | D60: 110.45192 | E60: 109.44795 | F60: 109.34298 | G60: =H60 -> 1 | H60: 1
A61: South Eastern Trust-NI Gap | B61: -0.087307009 | C61: -0.076124951 | D61: -0.074352829 | E61: -0.079375829 | F61: -0.075886548
A62: South Eastern Trust Deprivation Gap | B62: 0.39568976 | C62: 0.39367646 | D62: 0.48281713 | E62: 0.49428044 | F62: 0.48983143
A64: Standardised Death Rate - Preventable
A65: Deaths per 100,000 population | B65: 2015-19 | C65: 2016-20 | D65: 2017-21 | E65: 2018-22 | F65: 2019-23
A66: Northern Ireland | B66: 168.80488 | C66: 172.55081 | D66: 178.3291 | E66: 178.97441 | F66: 177.45494
A67: South Eastern Trust | B67: 145.67237 | C67: 146.77067 | D67: 152.0511 | E67: 152.42662 | F67: 152.89203 | G67: =H67 -> -1 | H67: -1
A68: South Eastern Trust Deprived | B68: 248.13528 | C68: 255.2368 | D68: 260.40303 | E68: 269.56008 | F68: 268.28925 | G68: =H68 -> 1 | H68: 1
A69: South Eastern Trust-NI Gap | B69: -0.13703695 | C69: -0.14940611 | D69: -0.14735677 | E69: -0.14833288 | F69: -0.13841774
A70: South Eastern Trust Deprivation Gap | B70: 0.70337914 | C70: 0.73901779 | D70: 0.71260212 | E70: 0.76845802 | F70: 0.75476279
A72: Standardised Death Rate - Avoidable
A73: Deaths per 100,000 population | B73: 2015-19 | C73: 2016-20 | D73: 2017-21 | E73: 2018-22 | F73: 2019-23
A74: Northern Ireland | B74: 252.12136 | C74: 254.44421 | D74: 258.80024 | E74: 258.53411 | F74: 256.87469
A75: South Eastern Trust | B75: 221.73638 | C75: 222.42875 | D75: 226.53715 | E75: 225.67002 | F75: 226.28357 | G75: =H75 -> -1 | H75: -1
A76: South Eastern Trust Deprived | B76: 354.28452 | C76: 360.67596 | D76: 370.85145 | E76: 379.00599 | F76: 377.62994 | G76: =H76 -> 1 | H76: 1
A77: South Eastern Trust-NI Gap | B77: -0.12051727 | C77: -0.12582506 | D77: -0.12466407 | E77: -0.12711703 | F77: -0.11908966
A78: South Eastern Trust Deprivation Gap | B78: 0.59777351 | C78: 0.62153476 | D78: 0.63704476 | E78: 0.67946981 | F78: 0.66883501
A80: Standardised Death Rate - Circulatory U75
A81: Deaths per 100,000 population | B81: 2015-19 | C81: 2016-20 | D81: 2017-21 | E81: 2018-22 | F81: 2019-23
A82: Northern Ireland | B82: 70.321836 | C82: 69.763178 | D82: 68.907793 | E82: 68.021737 | F82: 67.875231
A83: South Eastern Trust | B83: 60.952744 | C83: 61.016842 | D83: 60.973401 | E83: 60.220184 | F83: 60.803953 | G83: =H83 -> 0 | H83: 0
A84: South Eastern Trust Deprived | B84: 93.898976 | C84: 94.491813 | D84: 94.263038 | E84: 93.604435 | F84: 99.15645 | G84: =H84 -> 1 | H84: 1
A85: South Eastern Trust-NI Gap | B85: -0.13323163 | C85: -0.1253718 | D85: -0.11514506 | E85: -0.11469206 | F85: -0.10418054
A86: South Eastern Trust Deprivation Gap | B86: 0.5405209 | C86: 0.54861854 | D86: 0.54596983 | E86: 0.55436979 | F86: 0.63075665
A88: Standardised Death Rate - Respiratory U75
A89: Deaths per 100,000 population | B89: 2015-19 | C89: 2016-20 | D89: 2017-21 | E89: 2018-22 | F89: 2019-23
A90: Northern Ireland | B90: 34.741349 | C90: 33.366205 | D90: 32.124939 | E90: 32.143738 | F90: 31.067113
A91: South Eastern Trust | B91: 30.069326 | C91: 27.70829 | D91: 26.71819 | E91: 26.36262 | F91: 25.588192 | G91: =H91 -> 0 | H91: 0
A92: South Eastern Trust Deprived | B92: 49.790968 | C92: 47.299342 | D92: 47.376226 | E92: 52.202526 | F92: 46.173139 | G92: =H92 -> 1 | H92: 1
A93: South Eastern Trust-NI Gap | B93: -0.13448019 | C93: -0.16957025 | D93: -0.16830377 | E93: -0.17985205 | F93: -0.17635758
A94: South Eastern Trust Deprivation Gap | B94: 0.65587245 | C94: 0.7070466 | D94: 0.77318243 | E94: 0.98017211 | F94: 0.80447055
A96: Standardised Death Rate - Cancer U75
A97: Deaths per 100,000 population | B97: 2015-19 | C97: 2016-20 | D97: 2017-21 | E97: 2018-22 | F97: 2019-23
A98: Northern Ireland | B98: 142.3576 | C98: 139.92662 | D98: 136.18935 | E98: 133.32672 | F98: 131.42785
A99: South Eastern Trust | B99: 130.90679 | C99: 129.55674 | D99: 127.87454 | E99: 126.70315 | F99: 124.82626 | G99: =H99 -> 0 | H99: 0
A100: South Eastern Trust Deprived | B100: 163.85772 | C100: 165.98157 | D100: 165.62723 | E100: 168.82935 | F100: 167.00183 | G100: =H100 -> 1 | H100: 1
A101: South Eastern Trust-NI Gap | B101: -0.080436929 | C101: -0.074109384 | D101: -0.061053288 | E101: -0.049679283 | F101: -0.05022979
A102: South Eastern Trust Deprivation Gap | B102: 0.25171297 | C102: 0.28114959 | D102: 0.29523227 | E102: 0.33247953 | F102: 0.33787423
A104: Standardised Death Rate - All Cause U75
A105: Deaths per 100,000 population | B105: 2015-19 | C105: 2016-20 | D105: 2017-21 | E105: 2018-22 | F105: 2019-23
A106: Northern Ireland | B106: 360.7136 | C106: 361.54671 | D106: 364.15376 | E106: 360.54955 | F106: 361.29698
A107: South Eastern Trust | B107: 325.44822 | C107: 325.18651 | D107: 327.23114 | E107: 324.86177 | F107: 327.12922 | G107: =H107 -> -1 | H107: -1
A108: South Eastern Trust Deprived | B108: 475.59304 | C108: 479.15846 | D108: 491.09376 | E108: 487.53052 | F108: 505.69756 | G108: =H108 -> 1 | H108: 1
A109: South Eastern Trust-NI Gap | B109: -0.097765595 | C109: -0.10056847 | D109: -0.10139294 | E109: -0.098981642 | F109: -0.094569714
A110: South Eastern Trust Deprivation Gap | B110: 0.46134782 | C110: 0.47348814 | D110: 0.50075498 | E110: 0.50073221 | F110: 0.54586482
A112: Standardised Admission Rate - Circulatory
A113: Admissions per 100,000 population | B113: 2017/18-2019/20 | C113: 2018/19-2020/21 | D113: 2019/20-2021/22 | E113: 2020/21-2022/23 | F113: 2021/22-2023/24
A114: Northern Ireland | B114: 1941.8663 | C114: 1720.6156 | D114: 1564.9302 | E114: 1441.0406 | F114: 1521.0539
A115: South Eastern Trust | B115: 1988.7516 | C115: 1783.9318 | D115: 1664.1544 | E115: 1550.8051 | F115: 1645.9809 | G115: =H115 -> 1 | H115: 1
...

Sheet Southern HSCT
A1: SOUTHERN HEALTH & SOCIAL CARE TRUST
H3: RAG Comparison
A4: Key: | B4: Worse than | C4: -1 | D4: Similar to | E4: 0 | F4: Better than | G4: 1
A5: Service-based indicators Key: | B5: Lower than | C5: -1 | D5: Similar to | E5: 0 | F5: Higher than | G5: 1
A6: Note: Area values are compared to Northern Ireland, Area's deprived areas are compared to Area Average
A8: Male Life Expectancy at Birth
A9: Years | B9: 2017-19 | C9: 2018-20 | D9: 2019-21 | E9: 2020-22 | F9: 2021-23
A10: Northern Ireland | B10: 78.818762 | C10: 78.733213 | D10: 78.476598 | E10: 78.425672 | F10: 78.763745
A11: Southern Trust | B11: 79.405423 | C11: 79.344988 | D11: 79.10429 | E11: 78.66565 | F11: 79.065624 | G11: =H11 -> 0 | H11: 0
A12: Southern Trust Deprived | B12: 77.260524 | C12: 76.671233 | D12: 75.96629 | E12: 75.796638 | F12: 75.822596 | G12: =H12 -> -1 | H12: -1
A13: Southern Trust-NI Gap | B13: -0.58666124 | C13: -0.61177451 | D13: -0.62769215 | E13: -0.23997779 | F13: -0.30187886
A14: Southern Trust Deprivation Gap | B14: 2.1448993 | C14: 2.6737545 | D14: 3.1379995 | E14: 2.869012 | F14: 3.2430274
A16: Female Life Expectancy at Birth
A17: Years | B17: 2017-19 | C17: 2018-20 | D17: 2019-21 | E17: 2020-22 | F17: 2021-23
A18: Northern Ireland | B18: 82.58255 | C18: 82.425041 | D18: 82.289751 | E18: 82.255854 | F18: 82.485164
A19: Southern Trust | B19: 83.175859 | C19: 83.214141 | D19: 82.969422 | E19: 82.721713 | F19: 82.958503 | G19: =H19 -> 1 | H19: 1
A20: Southern Trust Deprived | B20: 81.751483 | C20: 82.125026 | D20: 81.404088 | E20: 81.707097 | F20: 81.40286 | G20: =H20 -> -1 | H20: -1
A21: Southern Trust-NI Gap | B21: -0.59330867 | C21: -0.78910021 | D21: -0.67967127 | E21: -0.46585948 | F21: -0.47333906
A22: Southern Trust Deprivation Gap | B22: 1.424376 | C22: 1.0891154 | D22: 1.5653345 | E22: 1.0146163 | F22: 1.5556428
A24: Male Life Expectancy at Age 65
A25: Years | B25: 2017-19 | C25: 2018-20 | D25: 2019-21 | E25: 2020-22 | F25: 2021-23
A26: Northern Ireland | B26: 18.536761 | C26: 18.484435 | D26: 18.365174 | E26: 18.304984 | F26: 18.506212
A27: Southern Trust | B27: 18.574939 | C27: 18.686069 | D27: 18.617791 | E27: 18.507819 | F27: 18.699653 | G27: =H27 -> 0 | H27: 0
A28: Southern Trust Deprived | B28: 17.277277 | C28: 17.228077 | D28: 16.8264 | E28: 17.014879 | F28: 17.079739 | G28: =H28 -> -1 | H28: -1
A29: Southern Trust-NI Gap | B29: -0.038177927 | C29: -0.20163445 | D29: -0.25261778 | E29: -0.20283479 | F29: -0.19344167
A30: Southern Trust Deprivation Gap | B30: 1.2976628 | C30: 1.4579928 | D30: 1.7913917 | E30: 1.4929394 | F30: 1.6199139
A32: Female Life Expectancy at Age 65
A33: Years | B33: 2017-19 | C33: 2018-20 | D33: 2019-21 | E33: 2020-22 | F33: 2021-23
A34: Northern Ireland | B34: 20.856044 | C34: 20.749343 | D34: 20.701913 | E34: 20.57369 | F34: 20.746988
A35: Southern Trust | B35: 21.126046 | C35: 21.213604 | D35: 21.075922 | E35: 20.862272 | F35: 20.994985 | G35: =H35 -> 0 | H35: 0
A36: Southern Trust Deprived | B36: 20.347615 | C36: 20.902469 | D36: 19.996345 | E36: 19.952205 | F36: 19.815658 | G36: =H36 -> -1 | H36: -1
A37: Southern Trust-NI Gap | B37: -0.2700025 | C37: -0.46426039 | D37: -0.37400855 | E37: -0.28858277 | F37: -0.24799711
A38: Southern Trust Deprivation Gap | B38: 0.77843135 | C38: 0.31113488 | D38: 1.0795769 | E38: 0.91006712 | F38: 1.1793275
A40: Standardised Death Rate - All Deaths
A41: Deaths per 100,000 population | B41: 2017-19 | C41: 2018-20 | D41: 2019-21 | E41: 2020-22 | F41: 2021-23
A42: Northern Ireland | B42: 1004.5825 | C42: 1017.2747 | D42: 1029.771 | E42: 1041.2114 | F42: 1015.538
A43: Southern Trust | B43: 974.09797 | C43: 971.15017 | D43: 998.1612 | E43: 1011.7873 | F43: 990.68731 | G43: =H43 -> -1 | H43: -1
A44: Southern Trust Deprived | B44: 1099.3246 | C44: 1110.5101 | D44: 1188.5129 | E44: 1177.3945 | F44: 1183.2658 | G44: =H44 -> 1 | H44: 1
A45: Southern Trust-NI Gap | B45: -0.030345479 | C45: -0.045341293 | D45: -0.030695953 | E45: -0.02825945 | F45: -0.024470464
A46: Southern Trust Deprivation Gap | B46: 0.12855652 | C46: 0.14349984 | D46: 0.1907024 | E46: 0.1636779 | F46: 0.19438877
A48: Potential Years of Life Lost
A49: Years lost per 100 persons | B49: 2017-19 | C49: 2018-20 | D49: 2019-21 | E49: 2020-22 | F49: 2021-23
A50: Northern Ireland | B50: 8.4327762 | C50: 8.5044878 | D50: 8.6991847 | E50: 8.7130255 | F50: 8.4902427
A51: Southern Trust | B51: 7.6614435 | C51: 7.7038745 | D51: 7.9367227 | E51: 8.3586864 | F51: 8.0835421 | G51: =H51 -> 0 | H51: 0
A52: Southern Trust Deprived | B52: 10.048679 | C52: 10.28678 | D52: 10.744859 | E52: 10.790898 | F52: 11.072655 | G52: =H52 -> 1 | H52: 1
A53: Southern Trust-NI Gap | B53: -0.091468424 | C53: -0.094140097 | D53: -0.087647525 | E53: -0.040667747 | F53: -0.047902119
A54: Southern Trust Deprivation Gap | B54: 0.31159078 | C54: 0.33527357 | D54: 0.3538156 | E54: 0.29098009 | F54: 0.36977762
A56: Standardised Death Rate - Treatable
A57: Deaths per 100,000 population | B57: 2015-19 | C57: 2016-20 | D57: 2017-21 | E57: 2018-22 | F57: 2019-23
A58: Northern Ireland | B58: 83.317505 | C58: 81.893403 | D58: 80.471145 | E58: 79.5597 | F58: 79.419745
A59: Southern Trust | B59: 78.695506 | C59: 77.798526 | D59: 74.834676 | E59: 74.709269 | F59: 74.085388 | G59: =H59 -> -1 | H59: -1
A60: Southern Trust Deprived | B60: 98.733835 | C60: 101.14304 | D60: 97.115651 | E60: 91.906166 | F60: 95.57553 | G60: =H60 -> 1 | H60: 1
A61: Southern Trust-NI Gap | B61: -0.05547453 | C61: -0.050002527 | D61: -0.070043353 | E61: -0.060965934 | F61: -0.067166633
A62: Southern Trust Deprivation Gap | B62: 0.25463119 | C62: 0.30006376 | D62: 0.29773597 | E62: 0.23018425 | F62: 0.2900726
A64: Standardised Death Rate - Preventable
A65: Deaths per 100,000 population | B65: 2015-19 | C65: 2016-20 | D65: 2017-21 | E65: 2018-22 | F65: 2019-23
A66: Northern Ireland | B66: 168.80488 | C66: 172.55081 | D66: 178.3291 | E66: 178.97441 | F66: 177.45494
A67: Southern Trust | B67: 153.62504 | C67: 156.60482 | D67: 162.79791 | E67: 164.43072 | F67: 162.69314 | G67: =H67 -> -1 | H67: -1
A68: Southern Trust Deprived | B68: 235.3501 | C68: 229.55217 | D68: 244.34272 | E68: 244.75528 | F68: 247.88669 | G68: =H68 -> 1 | H68: 1
A69: Southern Trust-NI Gap | B69: -0.089925339 | C69: -0.092413308 | D69: -0.087092856 | E69: -0.081261307 | F69: -0.083186228
A70: Southern Trust Deprivation Gap | B70: 0.53197744 | C70: 0.46580526 | D70: 0.50089597 | E70: 0.48850096 | F70: 0.52364565
A72: Standardised Death Rate - Avoidable
A73: Deaths per 100,000 population | B73: 2015-19 | C73: 2016-20 | D73: 2017-21 | E73: 2018-22 | F73: 2019-23
A74: Northern Ireland | B74: 252.12136 | C74: 254.44421 | D74: 258.80024 | E74: 258.53411 | F74: 256.87469
A75: Southern Trust | B75: 232.40515 | C75: 234.40586 | D75: 237.63341 | E75: 239.14006 | F75: 236.77868 | G75: =H75 -> -1 | H75: -1
A76: Southern Trust Deprived | B76: 334.13787 | C76: 330.69007 | D76: 341.45502 | E76: 336.65995 | F76: 343.46393 | G76: =H76 -> 1 | H76: 1
A77: Southern Trust-NI Gap | B77: -0.07820129 | C77: -0.078753408 | D77: -0.081788297 | E77: -0.075015433 | F77: -0.078232749
A78: Southern Trust Deprivation Gap | B78: 0.43773867 | C78: 0.4107585 | D78: 0.43689822 | E78: 0.40779403 | F78: 0.45056954
A80: Standardised Death Rate - Circulatory U75
A81: Deaths per 100,000 population | B81: 2015-19 | C81: 2016-20 | D81: 2017-21 | E81: 2018-22 | F81: 2019-23
A82: Northern Ireland | B82: 70.321836 | C82: 69.763178 | D82: 68.907793 | E82: 68.021737 | F82: 67.875231
A83: Southern Trust | B83: 68.41972 | C83: 68.739675 | D83: 65.50649 | E83: 64.931147 | F83: 62.286297 | G83: =H83 -> 0 | H83: 0
A84: Southern Trust Deprived | B84: 90.889427 | C84: 99.634948 | D84: 91.624886 | E84: 87.225702 | F84: 88.436845 | G84: =H84 -> 1 | H84: 1
A85: Southern Trust-NI Gap | B85: -0.027048735 | C85: -0.014671094 | D85: -0.049360196 | E85: -0.045435331 | F85: -0.082341293
A86: Southern Trust Deprivation Gap | B86: 0.32840981 | C86: 0.44945328 | D86: 0.39871462 | E86: 0.34335686 | F86: 0.41984432
A88: Standardised Death Rate - Respiratory U75
A89: Deaths per 100,000 population | B89: 2015-19 | C89: 2016-20 | D89: 2017-21 | E89: 2018-22 | F89: 2019-23
A90: Northern Ireland | B90: 34.741349 | C90: 33.366205 | D90: 32.124939 | E90: 32.143738 | F90: 31.067113
A91: Southern Trust | B91: 28.314319 | C91: 26.996166 | D91: 25.701618 | E91: 26.179655 | F91: 25.751641 | G91: =H91 -> 0 | H91: 0
A92: Southern Trust Deprived | B92: 52.823059 | C92: 43.642078 | D92: 42.037774 | E92: 42.959606 | F92: 42.155325 | G92: =H92 -> 1 | H92: 1
A93: Southern Trust-NI Gap | B93: -0.18499656 | C93: -0.19091291 | D93: -0.19994809 | E93: -0.18554417 | F93: -0.17109642
A94: Southern Trust Deprivation Gap | B94: 0.86559527 | C94: 0.61660282 | D94: 0.63560807 | E94: 0.64095389 | F94: 0.63699566
A96: Standardised Death Rate - Cancer U75
A97: Deaths per 100,000 population | B97: 2015-19 | C97: 2016-20 | D97: 2017-21 | E97: 2018-22 | F97: 2019-23
A98: Northern Ireland | B98: 142.3576 | C98: 139.92662 | D98: 136.18935 | E98: 133.32672 | F98: 131.42785
A99: Southern Trust | B99: 138.76259 | C99: 135.07081 | D99: 129.50436 | E99: 127.17309 | F99: 124.42498 | G99: =H99 -> 0 | H99: 0
A100: Southern Trust Deprived | B100: 165.43895 | C100: 160.61734 | D100: 152.90197 | E100: 147.25821 | F100: 144.96741 | G100: =H100 -> 0 | H100: 0
A101: Southern Trust-NI Gap | B101: -0.025253315 | C101: -0.03470252 | D101: -0.049085974 | E101: -0.046154532 | F101: -0.053283014
A102: Southern Trust Deprivation Gap | B102: 0.19224459 | C102: 0.18913431 | D102: 0.18067042 | E102: 0.15793533 | F102: 0.16509896
A104: Standardised Death Rate - All Cause U75
A105: Deaths per 100,000 population | B105: 2015-19 | C105: 2016-20 | D105: 2017-21 | E105: 2018-22 | F105: 2019-23
A106: Northern Ireland | B106: 360.7136 | C106: 361.54671 | D106: 364.15376 | E106: 360.54955 | F106: 361.29698
A107: Southern Trust | B107: 340.15447 | C107: 338.42555 | D107: 340.69549 | E107: 336.04351 | F107: 338.2941 | G107: =H107 -> -1 | H107: -1
A108: Southern Trust Deprived | B108: 452.46647 | C108: 444.28738 | D108: 458.37488 | E108: 451.6552 | F108: 461.43939 | G108: =H108 -> 1 | H108: 1
A109: Southern Trust-NI Gap | B109: -0.056995721 | C109: -0.063950684 | D109: -0.06441857 | E109: -0.06796858 | F109: -0.063667506
A110: Southern Trust Deprivation Gap | B110: 0.33017942 | C110: 0.31280685 | D110: 0.34540929 | E110: 0.34403785 | F110: 0.36401844
A112: Standardised Admission Rate - Circulatory
A113: Admissions per 100,000 population | B113: 2017/18-2019/20 | C113: 2018/19-2020/21 | D113: 2019/20-2021/22 | E113: 2020/21-2022/23 | F113: 2021/22-2023/24
A114: Northern Ireland | B114: 1941.8663 | C114: 1720.6156 | D114: 1564.9302 | E114: 1441.0406 | F114: 1521.0539
A115: Southern Trust | B115: 2060.9646 | C115: 1816.0252 | D115: 1637.654 | E115: 1495.9141 | F115: 1606.8069 | G115: =H115 -> 1 | H115: 1
...

Sheet Western HSCT
A1: WESTERN HEALTH & SOCIAL CARE TRUST
H3: RAG Comparison
A4: Key: | B4: Worse than | C4: -1 | D4: Similar to | E4: 0 | F4: Better than | G4: 1
A5: Service-based indicators Key: | B5: Lower than | C5: -1 | D5: Similar to | E5: 0 | F5: Higher than | G5: 1
A6: Note: Area values are compared to Northern Ireland, Area's deprived areas are compared to Area Average
A8: Male Life Expectancy at Birth
A9: Years | B9: 2017-19 | C9: 2018-20 | D9: 2019-21 | E9: 2020-22 | F9: 2021-23
A10: Northern Ireland | B10: 78.818762 | C10: 78.733213 | D10: 78.476598 | E10: 78.425672 | F10: 78.763745
A11: Western Trust | B11: 78.485506 | C11: 78.570198 | D11: 78.12206 | E11: 78.249362 | F11: 78.424942 | G11: =H11 -> 0 | H11: 0
A12: Western Trust Deprived | B12: 74.046836 | C12: 74.126404 | D12: 73.288405 | E12: 73.249613 | F12: 73.967538 | G12: =H12 -> -1 | H12: -1
A13: Western Trust-NI Gap | B13: 0.33325634 | C13: 0.16301564 | D13: 0.35453741 | E13: 0.17630964 | F13: 0.33880287
A14: Western Trust Deprivation Gap | B14: 4.4386698 | C14: 4.4437939 | D14: 4.8336556 | E14: 4.9997491 | F14: 4.4574042
A16: Female Life Expectancy at Birth
A17: Years | B17: 2017-19 | C17: 2018-20 | D17: 2019-21 | E17: 2020-22 | F17: 2021-23
A18: Northern Ireland | B18: 82.58255 | C18: 82.425041 | D18: 82.289751 | E18: 82.255854 | F18: 82.485164
A19: Western Trust | B19: 82.271146 | C19: 82.309954 | D19: 81.771441 | E19: 81.991625 | F19: 81.960356 | G19: =H19 -> -1 | H19: -1
A20: Western Trust Deprived | B20: 79.502271 | C20: 79.514877 | D20: 79.105307 | E20: 79.291443 | F20: 78.661938 | G20: =H20 -> -1 | H20: -1
A21: Western Trust-NI Gap | B21: 0.31140462 | C21: 0.11508652 | D21: 0.51831011 | E21: 0.26422904 | F21: 0.52480717
A22: Western Trust Deprivation Gap | B22: 2.7688751 | C22: 2.795077 | D22: 2.6661343 | E22: 2.7001818 | F22: 3.2984185
A24: Male Life Expectancy at Age 65
A25: Years | B25: 2017-19 | C25: 2018-20 | D25: 2019-21 | E25: 2020-22 | F25: 2021-23
A26: Northern Ireland | B26: 18.536761 | C26: 18.484435 | D26: 18.365174 | E26: 18.304984 | F26: 18.506212
A27: Western Trust | B27: 18.367568 | C27: 18.5042 | D27: 18.278855 | E27: 18.289043 | F27: 18.342244 | G27: =H27 -> 0 | H27: 0
A28: Western Trust Deprived | B28: 16.696286 | C28: 16.995129 | D28: 16.962021 | E28: 16.730963 | F28: 16.940257 | G28: =H28 -> -1 | H28: -1
A29: Western Trust-NI Gap | B29: 0.16919344 | C29: -0.019764647 | D29: 0.086318373 | E29: 0.015940716 | F29: 0.16396749
A30: Western Trust Deprivation Gap | B30: 1.6712818 | C30: 1.5090705 | D30: 1.3168337 | E30: 1.5580803 | F30: 1.4019876
A32: Female Life Expectancy at Age 65
A33: Years | B33: 2017-19 | C33: 2018-20 | D33: 2019-21 | E33: 2020-22 | F33: 2021-23
A34: Northern Ireland | B34: 20.856044 | C34: 20.749343 | D34: 20.701913 | E34: 20.57369 | F34: 20.746988
A35: Western Trust | B35: 20.538221 | C35: 20.587319 | D35: 20.381907 | E35: 20.31826 | F35: 20.350372 | G35: =H35 -> -1 | H35: -1
A36: Western Trust Deprived | B36: 18.987026 | C36: 18.892553 | D36: 18.66781 | E36: 18.776378 | F36: 18.849792 | G36: =H36 -> -1 | H36: -1
A37: Western Trust-NI Gap | B37: 0.31782309 | C37: 0.16202459 | D37: 0.32000623 | E37: 0.25542921 | F37: 0.39661662
A38: Western Trust Deprivation Gap | B38: 1.5511948 | C38: 1.6947657 | D38: 1.7140974 | E38: 1.5418823 | F38: 1.5005794
A40: Standardised Death Rate - All Deaths
A41: Deaths per 100,000 population | B41: 2017-19 | C41: 2018-20 | D41: 2019-21 | E41: 2020-22 | F41: 2021-23
A42: Northern Ireland | B42: 1004.5825 | C42: 1017.2747 | D42: 1029.771 | E42: 1041.2114 | F42: 1015.538
A43: Western Trust | B43: 1042.3577 | C43: 1038.3939 | D43: 1075.2145 | E43: 1070.1419 | F43: 1059.8229 | G43: =H43 -> 1 | H43: 1
A44: Western Trust Deprived | B44: 1331.1122 | C44: 1346.8271 | D44: 1357.2557 | E44: 1350.7074 | F44: 1322.8697 | G44: =H44 -> 1 | H44: 1
A45: Western Trust-NI Gap | B45: 0.03760292 | C45: 0.020760583 | D45: 0.044129743 | E45: 0.027785466 | F45: 0.043607343
A46: Western Trust Deprivation Gap | B46: 0.27702051 | C46: 0.29702907 | D46: 0.26231149 | E46: 0.26217598 | F46: 0.24819878
A48: Potential Years of Life Lost
A49: Years lost per 100 persons | B49: 2017-19 | C49: 2018-20 | D49: 2019-21 | E49: 2020-22 | F49: 2021-23
A50: Northern Ireland | B50: 8.4327762 | C50: 8.5044878 | D50: 8.6991847 | E50: 8.7130255 | F50: 8.4902427
A51: Western Trust | B51: 8.5705839 | C51: 8.5992629 | D51: 9.1022766 | E51: 8.8476712 | F51: 8.8456583 | G51: =H51 -> 0 | H51: 0
A52: Western Trust Deprived | B52: 13.08171 | C52: 13.067584 | D52: 13.838574 | E52: 13.801525 | F52: 14.058631 | G52: =H52 -> 1 | H52: 1
A53: Western Trust-NI Gap | B53: 0.016341909 | C53: 0.011144133 | D53: 0.046336745 | E53: 0.015453381 | F53: 0.041861653
A54: Western Trust Deprivation Gap | B54: 0.52634989 | C54: 0.51961675 | D54: 0.52034202 | E54: 0.55990487 | F54: 0.58932563
A56: Standardised Death Rate - Treatable
A57: Deaths per 100,000 population | B57: 2015-19 | C57: 2016-20 | D57: 2017-21 | E57: 2018-22 | F57: 2019-23
A58: Northern Ireland | B58: 83.317505 | C58: 81.893403 | D58: 80.471145 | E58: 79.5597 | F58: 79.419745
A59: Western Trust | B59: 83.892273 | C59: 83.072255 | D59: 81.805419 | E59: 80.363515 | F59: 81.322651 | G59: =H59 -> 0 | H59: 0
A60: Western Trust Deprived | B60: 114.63695 | C60: 112.54815 | D60: 111.87528 | E60: 114.67983 | F60: 118.55203 | G60: =H60 -> 1 | H60: 1
A61: Western Trust-NI Gap | B61: 0.0068985273 | C61: 0.014394956 | D61: 0.016580772 | E61: 0.010103282 | F61: 0.023960111
A62: Western Trust Deprivation Gap | B62: 0.36647807 | C62: 0.35482232 | D62: 0.36757783 | E62: 0.42701361 | F62: 0.45779841
A64: Standardised Death Rate - Preventable
A65: Deaths per 100,000 population | B65: 2015-19 | C65: 2016-20 | D65: 2017-21 | E65: 2018-22 | F65: 2019-23
A66: Northern Ireland | B66: 168.80488 | C66: 172.55081 | D66: 178.3291 | E66: 178.97441 | F66: 177.45494
A67: Western Trust | B67: 177.04757 | C67: 177.56401 | D67: 183.66974 | E67: 185.16869 | F67: 186.66379 | G67: =H67 -> 1 | H67: 1
A68: Western Trust Deprived | B68: 302.90213 | C68: 300.6116 | D68: 307.10271 | E68: 306.0989 | F68: 302.65455 | G68: =H68 -> 1 | H68: 1
A69: Western Trust-NI Gap | B69: 0.048829694 | C69: 0.029053454 | D69: 0.029948271 | E69: 0.034609869 | F69: 0.051893998
A70: Western Trust Deprivation Gap | B70: 0.71085169 | C70: 0.692976 | D70: 0.67203754 | E70: 0.65308128 | F70: 0.62138867
A72: Standardised Death Rate - Avoidable
A73: Deaths per 100,000 population | B73: 2015-19 | C73: 2016-20 | D73: 2017-21 | E73: 2018-22 | F73: 2019-23
A74: Northern Ireland | B74: 252.12136 | C74: 254.44421 | D74: 258.80024 | E74: 258.53411 | F74: 256.87469
A75: Western Trust | B75: 260.81569 | C75: 260.63767 | D75: 265.47352 | E75: 265.53134 | F75: 267.98602 | G75: =H75 -> 1 | H75: 1
A76: Western Trust Deprived | B76: 417.05794 | C76: 413.16088 | D76: 418.97471 | E76: 420.77922 | F76: 421.20781 | G76: =H76 -> 1 | H76: 1
A77: Western Trust-NI Gap | B77: 0.0344847 | C77: 0.024341124 | D77: 0.025785435 | E77: 0.027065012 | F77: 0.043255838
A78: Western Trust Deprivation Gap | B78: 0.59905232 | C78: 0.58519249 | D78: 0.57821661 | E78: 0.58466875 | F78: 0.57175291
A80: Standardised Death Rate - Circulatory U75
A81: Deaths per 100,000 population | B81: 2015-19 | C81: 2016-20 | D81: 2017-21 | E81: 2018-22 | F81: 2019-23
A82: Northern Ireland | B82: 70.321836 | C82: 69.763178 | D82: 68.907793 | E82: 68.021737 | F82: 67.875231
A83: Western Trust | B83: 70.862003 | C83: 71.457178 | D83: 71.417968 | E83: 70.604937 | F83: 71.78143 | G83: =H83 -> 0 | H83: 0
A84: Western Trust Deprived | B84: 115.27523 | C84: 110.36416 | D84: 106.45323 | E84: 107.96947 | F84: 110.34575 | G84: =H84 -> 1 | H84: 1
A85: Western Trust-NI Gap | B85: 0.0076813546 | C85: 0.024282161 | D85: 0.036428033 | E85: 0.037976087 | F85: 0.057549685
A86: Western Trust Deprivation Gap | B86: 0.62675654 | C86: 0.54447971 | D86: 0.49056647 | E86: 0.52920564 | F86: 0.53724654
A88: Standardised Death Rate - Respiratory U75
A89: Deaths per 100,000 population | B89: 2015-19 | C89: 2016-20 | D89: 2017-21 | E89: 2018-22 | F89: 2019-23
A90: Northern Ireland | B90: 34.741349 | C90: 33.366205 | D90: 32.124939 | E90: 32.143738 | F90: 31.067113
A91: Western Trust | B91: 38.760126 | C91: 37.300068 | D91: 35.134135 | E91: 34.095604 | F91: 32.718433 | G91: =H91 -> 0 | H91: 0
A92: Western Trust Deprived | B92: 69.267944 | C92: 66.010999 | D92: 61.777976 | E92: 56.590251 | F92: 52.819124 | G92: =H92 -> 1 | H92: 1
A93: Western Trust-NI Gap | B93: 0.11567706 | C93: 0.11789962 | D93: 0.093671665 | E93: 0.060723073 | F93: 0.053153305
A94: Western Trust Deprivation Gap | B94: 0.78709285 | C94: 0.76972862 | D94: 0.75834628 | E94: 0.65975211 | F94: 0.61435372
A96: Standardised Death Rate - Cancer U75
A97: Deaths per 100,000 population | B97: 2015-19 | C97: 2016-20 | D97: 2017-21 | E97: 2018-22 | F97: 2019-23
A98: Northern Ireland | B98: 142.3576 | C98: 139.92662 | D98: 136.18935 | E98: 133.32672 | F98: 131.42785
A99: Western Trust | B99: 142.8217 | C99: 137.02479 | D99: 132.54231 | E99: 130.10209 | F99: 132.59431 | G99: =H99 -> 0 | H99: 0
A100: Western Trust Deprived | B100: 194.60624 | C100: 191.33252 | D100: 181.85164 | E100: 177.34619 | F100: 179.6043 | G100: =H100 -> 1 | H100: 1
A101: Western Trust-NI Gap | B101: 0.0032601026 | C101: -0.02073825 | D101: -0.026779136 | E101: -0.024185954 | F101: 0.0088752776
A102: Western Trust Deprivation Gap | B102: 0.36258175 | C102: 0.39633509 | D102: 0.37202705 | E102: 0.36313103 | F102: 0.35454002
A104: Standardised Death Rate - All Cause U75
A105: Deaths per 100,000 population | B105: 2015-19 | C105: 2016-20 | D105: 2017-21 | E105: 2018-22 | F105: 2019-23
A106: Northern Ireland | B106: 360.7136 | C106: 361.54671 | D106: 364.15376 | E106: 360.54955 | F106: 361.29698
A107: Western Trust | B107: 368.41923 | C107: 366.0929 | D107: 368.22557 | E107: 363.812 | F107: 372.2107 | G107: =H107 -> 0 | H107: 0
A108: Western Trust Deprived | B108: 559.15903 | C108: 550.62627 | D108: 548.13319 | E108: 542.40704 | F108: 555.21857 | G108: =H108 -> 1 | H108: 1
A109: Western Trust-NI Gap | B109: 0.021362179 | C109: 0.012574286 | D109: 0.011181563 | E109: 0.0090485361 | F109: 0.03020707
A110: Western Trust Deprivation Gap | B110: 0.51772489 | C110: 0.50406159 | D110: 0.48857993 | E110: 0.49089927 | F110: 0.49167816
A112: Standardised Admission Rate - Circulatory
A113: Admissions per 100,000 population | B113: 2017/18-2019/20 | C113: 2018/19-2020/21 | D113: 2019/20-2021/22 | E113: 2020/21-2022/23 | F113: 2021/22-2023/24
A114: Northern Ireland | B114: 1941.8663 | C114: 1720.6156 | D114: 1564.9302 | E114: 1441.0406 | F114: 1521.0539
A115: Western Trust | B115: 1765.2623 | C115: 1546.8301 | D115: 1376.5579 | E115: 1253.534 | F115: 1258.772 | G115: =H115 -> -1 | H115: -1
...

Sheet Antrim & Newtownabbey
A1: ANTRIM & NEWTOWNABBEY LOCAL GOVERNMENT DISTRICT
H3: RAG Comparison
A4: Key: | B4: Worse than | C4: -1 | D4: Similar to | E4: 0 | F4: Better than | G4: 1
A5: Service-based indicators Key: | B5: Lower than | C5: -1 | D5: Similar to | E5: 0 | F5: Higher than | G5: 1
A6: Note: Area values are compared to Northern Ireland, Area's deprived areas are compared to Area Average
A8: Male Life Expectancy at Birth
A9: Years | B9: 2017-19 | C9: 2018-20 | D9: 2019-21 | E9: 2020-22 | F9: 2021-23
A10: Northern Ireland | B10: 78.818762 | C10: 78.733213 | D10: 78.476598 | E10: 78.425672 | F10: 78.763745
A11: Antrim & Newtownabbey LGD | B11: 79.683862 | C11: 79.013653 | D11: 78.757014 | E11: 78.719966 | F11: 79.223327 | G11: =H11 -> 0 | H11: 0
A12: Antrim & Newtownabbey LGD Deprived | B12: 75.45448 | C12: 74.835921 | D12: 75.189007 | E12: 75.438632 | F12: 75.569359 | G12: =H12 -> -1 | H12: -1
A13: Antrim & Newtownabbey LGD-NI Gap | B13: -0.86509982 | C13: -0.28044021 | D13: -0.28041677 | E13: -0.29429386 | F13: -0.45958248
A14: Antrim & Newtownabbey LGD Deprivation Gap | B14: 4.2293823 | C14: 4.1777326 | D14: 3.5680079 | E14: 3.2813342 | F14: 3.6539679
A15: Airport | B15: 82.788415 | C15: 81.560015 | D15: 81.123642 | E15: 80.842985 | F15: 81.862547 | H15: 1
A16: Antrim | B16: 77.359624 | C16: 76.594081 | D16: 76.931081 | E16: 77.193961 | F16: 77.617367 | H16: 0
A17: Ballyclare | B17: 81.601868 | C17: 80.321024 | D17: 79.659637 | E17: 79.62262 | F17: 79.920877 | H17: 0
A18: Dunsilly | B18: 80.302373 | C18: 81.181082 | D18: 80.480063 | E18: 79.60918 | F18: 80.285869 | H18: 0
A19: Glengormley Urban | B19: 79.876864 | C19: 79.29165 | D19: 79.85423 | E19: 80.885388 | F19: 80.613227 | H19: 0
A20: Macedon | B20: 75.367619 | C20: 74.96272 | D20: 74.479284 | E20: 74.992909 | F20: 75.623429 | H20: -1
A21: Three Mile Water | B21: 83.865958 | C21: 82.329727 | D21: 80.723068 | E21: 79.72665 | F21: 80.415823 | H21: 0
A23: Female Life Expectancy at Birth
A24: Years | B24: 2017-19 | C24: 2018-20 | D24: 2019-21 | E24: 2020-22 | F24: 2021-23
A25: Northern Ireland | B25: 82.58255 | C25: 82.425041 | D25: 82.289751 | E25: 82.255854 | F25: 82.485164
A26: Antrim & Newtownabbey LGD | B26: 82.730888 | C26: 82.627959 | D26: 82.79415 | E26: 82.522135 | F26: 82.737633 | G26: =H26 -> 0 | H26: 0
A27: Antrim & Newtownabbey LGD Deprived | B27: 79.345843 | C27: 79.453445 | D27: 80.199326 | E27: 79.851339 | F27: 80.706263 | G27: =H27 -> -1 | H27: -1
A28: Antrim & Newtownabbey LGD-NI Gap | B28: -0.14833802 | C28: -0.20291846 | D28: -0.5043986 | E28: -0.26628148 | F28: -0.2524698
A29: Antrim & Newtownabbey LGD Deprivation Gap | B29: 3.3850452 | C29: 3.1745143 | D29: 2.594824 | E29: 2.6707965 | F29: 2.0313708
A30: Airport | B30: 83.416006 | C30: 83.90618 | D30: 83.908041 | E30: 83.5997 | F30: 83.961441 | H30: 0
A31: Antrim | B31: 81.104944 | C31: 81.767994 | D31: 81.653835 | E31: 81.87682 | F31: 81.406954 | H31: 0
A32: Ballyclare | B32: 84.518521 | C32: 84.221195 | D32: 83.623772 | E32: 83.086591 | F32: 82.499868 | H32: 0
A33: Dunsilly | B33: 81.504121 | C33: 81.701627 | D33: 82.579229 | E33: 82.671746 | F33: 82.976956 | H33: 0
A34: Glengormley Urban | B34: 84.900956 | C34: 83.635508 | D34: 82.942345 | E34: 82.595041 | F34: 83.16387 | H34: 0
A35: Macedon | B35: 80.663919 | C35: 80.560684 | D35: 81.133765 | E35: 80.119172 | F35: 80.761988 | H35: -1
A36: Three Mile Water | B36: 87.523791 | C36: 86.256739 | D36: 87.657921 | E36: 86.391783 | F36: 87.092865 | H36: 1
A38: Male Life Expectancy at Age 65
A39: Years | B39: 2017-19 | C39: 2018-20 | D39: 2019-21 | E39: 2020-22 | F39: 2021-23
A40: Northern Ireland | B40: 18.536761 | C40: 18.484435 | D40: 18.365174 | E40: 18.304984 | F40: 18.506212
A41: Antrim & Newtownabbey LGD | B41: 18.654186 | C41: 18.206652 | D41: 18.150519 | E41: 18.363092 | F41: 18.893278 | G41: =H41 -> 0 | H41: 0
A42: Antrim & Newtownabbey LGD Deprived | B42: 15.978453 | C42: 16.069463 | D42: 16.304064 | E42: 16.386397 | F42: 17.033659 | G42: =H42 -> -1 | H42: -1
A43: Antrim & Newtownabbey LGD-NI Gap | B43: -0.11742479 | C43: 0.27778305 | D43: 0.21465494 | E43: -0.058108044 | F43: -0.38706654
A44: Antrim & Newtownabbey LGD Deprivation Gap | B44: 2.6757333 | C44: 2.1371891 | D44: 1.8464546 | E44: 1.976695 | F44: 1.8596189
A45: Airport | B45: 21.227503 | C45: 20.280601 | D45: 19.943088 | E45: 19.908405 | F45: 20.898224 | H45: 1
A46: Antrim | B46: 16.184578 | C46: 16.082639 | D46: 16.990865 | E46: 17.477891 | F46: 18.448721 | H46: 0
A47: Ballyclare | B47: 19.253741 | C47: 18.187302 | D47: 18.487777 | E47: 18.429149 | F47: 19.05366 | H47: 0
A48: Dunsilly | B48: 19.544571 | C48: 19.646292 | D48: 18.9539 | E48: 18.554469 | F48: 18.969221 | H48: 0
A49: Glengormley Urban | B49: 19.342707 | C49: 18.830762 | D49: 19.221812 | E49: 19.884699 | F49: 19.805081 | H49: 1
A50: Macedon | B50: 16.669613 | C50: 16.004801 | D50: 15.537591 | E50: 15.566098 | F50: 16.775227 | H50: -1
A51: Three Mile Water | B51: 21.510941 | C51: 21.007544 | D51: 19.366819 | E51: 19.486922 | F51: 19.794729 | H51: 0
A53: Female Life Expectancy at Age 65
A54: Years | B54: 2017-19 | C54: 2018-20 | D54: 2019-21 | E54: 2020-22 | F54: 2021-23
A55: Northern Ireland | B55: 20.856044 | C55: 20.749343 | D55: 20.701913 | E55: 20.57369 | F55: 20.746988
A56: Antrim & Newtownabbey LGD | B56: 20.914291 | C56: 20.808881 | D56: 20.723223 | E56: 20.576742 | F56: 20.799058 | G56: =H56 -> 0 | H56: 0
A57: Antrim & Newtownabbey LGD Deprived | B57: 19.142383 | C57: 18.978652 | D57: 19.234379 | E57: 19.057363 | F57: 19.587253 | G57: =H57 -> -1 | H57: -1
A58: Antrim & Newtownabbey LGD-NI Gap | B58: -0.058247448 | C58: -0.059537326 | D58: -0.021309629 | E58: -0.0030522551 | F58: -0.052069752
A59: Antrim & Newtownabbey LGD Deprivation Gap | B59: 1.7719079 | C59: 1.8302283 | D59: 1.4888438 | E59: 1.5193784 | F59: 1.2118053
A60: Airport | B60: 21.420194 | C60: 21.674561 | D60: 21.693057 | E60: 21.487923 | F60: 21.716678 | H60: 0
A61: Antrim | B61: 20.906145 | C61: 21.112908 | D61: 20.333008 | E61: 20.186528 | F61: 19.862631 | H61: 0
A62: Ballyclare | B62: 22.405609 | C62: 22.193202 | D62: 21.702864 | E62: 21.166832 | F62: 20.557053 | H62: 0
A63: Dunsilly | B63: 19.993604 | C63: 20.207291 | D63: 20.093283 | E63: 20.078199 | F63: 20.400372 | H63: 0
A64: Glengormley Urban | B64: 21.875403 | C64: 21.244285 | D64: 21.304457 | E64: 20.930534 | F64: 21.31952 | H64: 0
A65: Macedon | B65: 19.126495 | C65: 18.687635 | D65: 18.708988 | E65: 18.867925 | F65: 19.497226 | H65: -1
A66: Three Mile Water | B66: 25.214323 | C66: 24.445618 | D66: 25.32062 | E66: 23.909866 | F66: 24.822497 | H66: 1
A68: Standardised Death Rate - All Deaths
A69: Deaths per 100,000 population | B69: 2017-19 | C69: 2018-20 | D69: 2019-21 | E69: 2020-22 | F69: 2021-23
A70: Northern Ireland | B70: 1004.5825 | C70: 1017.2747 | D70: 1029.771 | E70: 1041.2114 | F70: 1015.538
A71: Antrim & Newtownabbey LGD | B71: 979.54776 | C71: 1024.3123 | D71: 1034.1707 | E71: 1045.1682 | F71: 994.20419 | G71: =H71 -> 0 | H71: 0
A72: Antrim & Newtownabbey LGD Deprived | B72: 1308.8689 | C72: 1329.905 | D72: 1303.1827 | E72: 1297.3397 | F72: 1214.7401 | G72: =H72 -> 1 | H72: 1
A73: Antrim & Newtownabbey LGD-NI Gap | B73: -0.024920553 | C73: 0.006918058 | D73: 0.0042724618 | E73: 0.003800208 | F73: -0.021007391
A74: Antrim & Newtownabbey LGD Deprivation Gap | B74: 0.33619713 | C74: 0.29833939 | D74: 0.26012342 | E74: 0.24127358 | F74: 0.2218215
A76: Potential Years of Life Lost
A77: Years lost per 100 persons | B77: 2017-19 | C77: 2018-20 | D77: 2019-21 | E77: 2020-22 | F77: 2021-23
A78: Northern Ireland | B78: 8.4327762 | C78: 8.5044878 | D78: 8.6991847 | E78: 8.7130255 | F78: 8.4902427
A79: Antrim & Newtownabbey LGD | B79: 8.0522745 | C79: 8.2338438 | D79: 8.0285952 | E79: 8.1523682 | F79: 7.9430252 | G79: =H79 -> 0 | H79: 0
A80: Antrim & Newtownabbey LGD Deprived | B80: 12.100719 | C80: 12.547105 | D80: 11.512338 | E80: 11.475847 | F80: 11.271726 | G80: =H80 -> 1 | H80: 1
A81: Antrim & Newtownabbey LGD-NI Gap | B81: -0.045121759 | C81: -0.031823664 | D81: -0.077086473 | E81: -0.064347028 | F81: -0.064452512
A82: Antrim & Newtownabbey LGD Deprivation Gap | B82: 0.50277034 | C82: 0.52384542 | D82: 0.43391691 | E82: 0.40767032 | F82: 0.41907212
A83: Airport | B83: 6.7192097 | C83: 6.7429218 | D83: 6.6324357 | E83: 6.9564789 | F83: 6.3532822 | H83: -1
A84: Antrim | B84: 10.496765 | C84: 10.748948 | D84: 10.091321 | E84: 9.8287371 | F84: 9.9133978 | H84: 1
A85: Ballyclare | B85: 6.1759685 | C85: 6.5667505 | D85: 7.2482451 | E85: 7.3846775 | F85: 7.4478996 | H85: 0
A86: Dunsilly | B86: 8.3471815 | C86: 7.4100102 | D86: 6.9876845 | E86: 7.1728153 | F86: 6.9049934 | H86: 0
A87: Glengormley Urban | B87: 6.989478 | C87: 7.6381097 | D87: 7.5760227 | E87: 7.1812809 | F87: 6.815292 | H87: 0
A88: Macedon | B88: 10.562879 | C88: 10.802106 | D88: 10.754596 | E88: 11.010549 | F88: 10.64795 | H88: 1
A89: Three Mile Water | B89: 6.7999897 | C89: 7.3433453 | D89: 6.6339135 | E89: 7.24157 | F89: 7.1631834 | H89: 0
A91: Standardised Death Rate - Treatable
A92: Deaths per 100,000 population | B92: 2015-19 | C92: 2016-20 | D92: 2017-21 | E92: 2018-22 | F92: 2019-23
A93: Northern Ireland | B93: 83.317505 | C93: 81.893403 | D93: 80.471145 | E93: 79.5597 | F93: 79.419745
A94: Antrim & Newtownabbey LGD | B94: 85.02374 | C94: 82.309306 | D94: 79.923008 | E94: 80.605731 | F94: 77.36773 | G94: =H94 -> 0 | H94: 0
A95: Antrim & Newtownabbey LGD Deprived | B95: 127.3699 | C95: 123.063 | D95: 112.18313 | E95: 121.60591 | F95: 113.83149 | G95: =H95 -> 1 | H95: 1
A96: Antrim & Newtownabbey LGD-NI Gap | B96: 0.020478711 | C96: 0.0050785946 | D96: -0.0068115985 | E96: 0.01314774 | F96: -0.025837596
A97: Antrim & Newtownabbey LGD Deprivation Gap | B97: 0.49805096 | C97: 0.49512864 | D97: 0.40363995 | E97: 0.50865088 | F97: 0.47130452
A98: Airport | B98: 80.579494 | C98: 67.779552 | D98: 65.181152 | E98: 64.654464 | F98: 60.884846 | H98: 0
A99: Antrim | B99: 117.72503 | C99: 115.76571 | D99: 109.6367 | E99: 108.66658 | F99: 96.431345 | H99: 0
A100: Ballyclare | B100: 79.511359 | C100: 78.743549 | D100: 73.989915 | E100: 88.164985 | F100: 82.343306 | H100: 0
A101: Dunsilly | B101: 70.991068 | C101: 64.784035 | D101: 69.604235 | E101: 60.262319 | F101: 56.569036 | H101: -1
A102: Glengormley Urban | B102: 75.386861 | C102: 72.403816 | D102: 65.486817 | E102: 69.468329 | F102: 66.678239 | H102: 0
A103: Macedon | B103: 102.66938 | C103: 98.634145 | D103: 92.896911 | E103: 88.306271 | F103: 94.750257 | H103: 0
A104: Three Mile Water | B104: 66.499392 | C104: 74.879468 | D104: 79.558101 | E104: 81.901981 | F104: 79.653238 | H104: 0
A106: Standardised Death Rate - Preventable
A107: Deaths per 100,000 population | B107: 2015-19 | C107: 2016-20 | D107: 2017-21 | E107: 2018-22 | F107: 2019-23
A108: Northern Ireland | B108: 168.80488 | C108: 172.55081 | D108: 178.3291 | E108: 178.97441 | F108: 177.45494
A109: Antrim & Newtownabbey LGD | B109: 163.70861 | C109: 171.04062 | D109: 173.58296 | E109: 170.66504 | F109: 164.18012 | G109: =H109 -> -1 | H109: -1
...

Sheet Ards & North Down
A1: ARDS & NORTH DOWN LOCAL GOVERNMENT DISTRICT
H3: RAG Comparison
A4: Key: | B4: Worse than | C4: -1 | D4: Similar to | E4: 0 | F4: Better than | G4: 1
A5: Service-based indicators Key: | B5: Lower than | C5: -1 | D5: Similar to | E5: 0 | F5: Higher than | G5: 1
A6: Note: Area values are compared to Northern Ireland, Area's deprived areas are compared to Area Average
A8: Male Life Expectancy at Birth
A9: Years | B9: 2017-19 | C9: 2018-20 | D9: 2019-21 | E9: 2020-22 | F9: 2021-23
A10: Northern Ireland | B10: 78.818762 | C10: 78.733213 | D10: 78.476598 | E10: 78.425672 | F10: 78.763745
A11: Ards & North Down LGD | B11: 79.735765 | C11: 79.803792 | D11: 79.914898 | E11: 80.011269 | F11: 79.906582 | G11: =H11 -> 1 | H11: 1
A12: Ards & North Down LGD Deprived | B12: 76.117045 | C12: 76.512961 | D12: 76.38883 | E12: 77.190765 | F12: 76.237518 | G12: =H12 -> -1 | H12: -1
A13: Ards & North Down LGD-NI Gap | B13: -0.91700326 | C13: -1.0705787 | D13: -1.4383002 | E13: -1.5855969 | F13: -1.1428371
A14: Ards & North Down LGD Deprivation Gap | B14: 3.6187206 | C14: 3.2908305 | D14: 3.5260683 | E14: 2.8205041 | F14: 3.6690637
A15: Ards Peninsula | B15: 80.971912 | C15: 80.415367 | D15: 80.256181 | E15: 80.649041 | F15: 80.030178 | H15: 0
A16: Bangor Central | B16: 78.663041 | C16: 78.941269 | D16: 79.412113 | E16: 80.582856 | F16: 80.065103 | H16: 0
A17: Bangor East And Donaghadee | B17: 80.689466 | C17: 80.154587 | D17: 80.527578 | E17: 80.339567 | F17: 81.52032 | H17: 0
A18: Bangor West | B18: 78.970317 | C18: 78.24497 | D18: 78.911592 | E18: 78.849476 | F18: 79.51772 | H18: 0
A19: Comber | B19: 81.218108 | C19: 81.321869 | D19: 80.277649 | E19: 80.586739 | F19: 80.508504 | H19: 0
A20: Holywood And Clandeboye | B20: 81.000034 | C20: 81.901883 | D20: 82.61678 | E20: 81.130952 | F20: 80.598626 | H20: 0
A21: Newtownards | B21: 77.962073 | C21: 78.459537 | D21: 78.393865 | E21: 78.569728 | F21: 78.027316 | H21: 0
A23: Female Life Expectancy at Birth
A24: Years | B24: 2017-19 | C24: 2018-20 | D24: 2019-21 | E24: 2020-22 | F24: 2021-23
A25: Northern Ireland | B25: 82.58255 | C25: 82.425041 | D25: 82.289751 | E25: 82.255854 | F25: 82.485164
A26: Ards & North Down LGD | B26: 82.962882 | C26: 82.782214 | D26: 82.827251 | E26: 82.871865 | F26: 83.413226 | G26: =H26 -> 1 | H26: 1
A27: Ards & North Down LGD Deprived | B27: 79.911702 | C27: 79.840217 | D27: 80.30288 | E27: 80.968899 | F27: 81.527434 | G27: =H27 -> -1 | H27: -1
A28: Ards & North Down LGD-NI Gap | B28: -0.38033129 | C28: -0.35717341 | D28: -0.53749952 | E28: -0.61601128 | F28: -0.92806184
A29: Ards & North Down LGD Deprivation Gap | B29: 3.0511799 | C29: 2.9419968 | D29: 2.5243702 | E29: 1.9029662 | F29: 1.8857911
A30: Ards Peninsula | B30: 83.335617 | C30: 83.944843 | D30: 84.166948 | E30: 84.151479 | F30: 83.693833 | H30: 0
A31: Bangor Central | B31: 83.23781 | C31: 82.058568 | D31: 82.29085 | E31: 82.402897 | F31: 83.678944 | H31: 0
A32: Bangor East And Donaghadee | B32: 83.367767 | C32: 84.952664 | D32: 85.072993 | E32: 84.558492 | F32: 83.103713 | H32: 0
A33: Bangor West | B33: 81.109134 | C33: 81.047473 | D33: 80.796873 | E33: 81.097909 | F33: 81.86597 | H33: 0
A34: Comber | B34: 84.405583 | C34: 84.883601 | D34: 84.725499 | E34: 83.907144 | F34: 83.935397 | H34: 0
A35: Holywood And Clandeboye | B35: 84.404736 | C35: 82.520774 | D35: 82.480856 | E35: 82.759353 | F35: 84.669452 | H35: 0
A36: Newtownards | B36: 81.895983 | C36: 81.529949 | D36: 81.436824 | E36: 82.055891 | F36: 83.347837 | H36: 0
A38: Male Life Expectancy at Age 65
A39: Years | B39: 2017-19 | C39: 2018-20 | D39: 2019-21 | E39: 2020-22 | F39: 2021-23
A40: Northern Ireland | B40: 18.536761 | C40: 18.484435 | D40: 18.365174 | E40: 18.304984 | F40: 18.506212
A41: Ards & North Down LGD | B41: 19.372194 | C41: 19.306664 | D41: 19.409057 | E41: 19.657964 | F41: 19.09564 | G41: =H41 -> 1 | H41: 1
A42: Ards & North Down LGD Deprived | B42: 17.370615 | C42: 17.565086 | D42: 17.61158 | E42: 17.508337 | F42: 17.060392 | G42: =H42 -> -1 | H42: -1
A43: Ards & North Down LGD-NI Gap | B43: -0.83543305 | C43: -0.82222909 | D43: -1.0438838 | E43: -1.3529806 | F43: -0.5894281
A44: Ards & North Down LGD Deprivation Gap | B44: 2.0015792 | C44: 1.7415781 | D44: 1.7974773 | E44: 2.149627 | F44: 2.035248
A45: Ards Peninsula | B45: 20.071905 | C45: 19.710264 | D45: 19.507182 | E45: 19.220132 | F45: 19.228207 | H45: 0
A46: Bangor Central | B46: 19.592457 | C46: 19.017392 | D46: 19.482751 | E46: 19.527912 | F46: 18.996479 | H46: 0
A47: Bangor East And Donaghadee | B47: 19.410545 | C47: 19.75993 | D47: 20.173196 | E47: 20.471223 | F47: 20.609484 | H47: 1
A48: Bangor West | B48: 19.290181 | C48: 19.07312 | D48: 19.190487 | E48: 18.233807 | F48: 18.034282 | H48: 0
A49: Comber | B49: 20.036937 | C49: 19.703667 | D49: 19.087169 | E49: 18.986638 | F49: 19.411185 | H49: 0
A50: Holywood And Clandeboye | B50: 20.011485 | C50: 19.972223 | D50: 20.058346 | E50: 19.108285 | F50: 18.979128 | H50: 0
A51: Newtownards | B51: 18.117036 | C51: 18.484106 | D51: 18.921536 | E51: 18.720064 | F51: 18.748905 | H51: 0
A53: Female Life Expectancy at Age 65
A54: Years | B54: 2017-19 | C54: 2018-20 | D54: 2019-21 | E54: 2020-22 | F54: 2021-23
A55: Northern Ireland | B55: 20.856044 | C55: 20.749343 | D55: 20.701913 | E55: 20.57369 | F55: 20.746988
A56: Ards & North Down LGD | B56: 21.268473 | C56: 21.202338 | D56: 21.414214 | E56: 21.218958 | F56: 21.491143 | G56: =H56 -> 1 | H56: 1
A57: Ards & North Down LGD Deprived | B57: 19.702368 | C57: 19.818399 | D57: 20.616348 | E57: 20.257268 | F57: 20.590896 | G57: =H57 -> 0 | H57: 0
A58: Ards & North Down LGD-NI Gap | B58: -0.41242917 | C58: -0.45299461 | D58: -0.71230045 | E58: -0.64526862 | F58: -0.74415512
A59: Ards & North Down LGD Deprivation Gap | B59: 1.5661052 | C59: 1.3839394 | D59: 0.7978659 | E59: 0.96169047 | F59: 0.90024701
A60: Ards Peninsula | B60: 22.275351 | C60: 22.777722 | D60: 22.770357 | E60: 22.836368 | F60: 22.311659 | H60: 1
A61: Bangor Central | B61: 21.441997 | C61: 20.958267 | D61: 21.479817 | E61: 21.549996 | F61: 21.965908 | H61: 1
A62: Bangor East And Donaghadee | B62: 21.866138 | C62: 22.769702 | D62: 22.604779 | E62: 22.194515 | F62: 21.734644 | H62: 1
A63: Bangor West | B63: 19.490292 | C63: 19.594871 | D63: 19.99663 | E63: 20.030339 | F63: 20.465928 | H63: 0
A64: Comber | B64: 22.204022 | C64: 22.291442 | D64: 21.85721 | E64: 20.995322 | F64: 21.400771 | H64: 0
A65: Holywood And Clandeboye | B65: 22.032947 | C65: 20.982139 | D65: 21.199841 | E65: 20.891882 | F65: 21.741327 | H65: 1
A66: Newtownards | B66: 20.557476 | C66: 20.324076 | D66: 20.749258 | E66: 20.665497 | F66: 21.309556 | H66: 0
A68: Standardised Death Rate - All Deaths
A69: Deaths per 100,000 population | B69: 2017-19 | C69: 2018-20 | D69: 2019-21 | E69: 2020-22 | F69: 2021-23
A70: Northern Ireland | B70: 1004.5825 | C70: 1017.2747 | D70: 1029.771 | E70: 1041.2114 | F70: 1015.538
A71: Ards & North Down LGD | B71: 939.94389 | C71: 945.15787 | D71: 930.61591 | E71: 952.54056 | F71: 932.86829 | G71: =H71 -> -1 | H71: -1
A72: Ards & North Down LGD Deprived | B72: 1173.691 | C72: 1155.3658 | D72: 1105.7519 | E72: 1106.4668 | F72: 1098.2576 | G72: =H72 -> 1 | H72: 1
A73: Ards & North Down LGD-NI Gap | B73: -0.064343766 | C73: -0.070892204 | D73: -0.096288484 | E73: -0.085161201 | F73: -0.081404842
A74: Ards & North Down LGD Deprivation Gap | B74: 0.24868202 | C74: 0.22240506 | D74: 0.18819367 | E74: 0.16159545 | F74: 0.17729121
A76: Potential Years of Life Lost
A77: Years lost per 100 persons | B77: 2017-19 | C77: 2018-20 | D77: 2019-21 | E77: 2020-22 | F77: 2021-23
A78: Northern Ireland | B78: 8.4327762 | C78: 8.5044878 | D78: 8.6991847 | E78: 8.7130255 | F78: 8.4902427
A79: Ards & North Down LGD | B79: 7.7671649 | C79: 7.8678738 | D79: 7.9191635 | E79: 7.6459318 | F79: 7.5334794 | G79: =H79 -> -1 | H79: -1
A80: Ards & North Down LGD Deprived | B80: 11.539705 | C80: 11.733793 | D80: 11.649559 | E80: 10.572675 | F80: 11.193007 | G80: =H80 -> 1 | H80: 1
A81: Ards & North Down LGD-NI Gap | B81: -0.078931465 | C81: -0.074856236 | D81: -0.089666014 | E81: -0.12247109 | F81: -0.11268975
A82: Ards & North Down LGD Deprivation Gap | B82: 0.48570362 | C82: 0.49135499 | D82: 0.4710593 | E82: 0.38278443 | F82: 0.48576863
A83: Ards Peninsula | B83: 7.6759923 | C83: 7.843285 | D83: 7.8009109 | E83: 7.4863384 | F83: 8.0859049 | H83: 0
A84: Bangor Central | B84: 8.8681095 | C84: 9.0785541 | D84: 9.0619008 | E84: 8.2897771 | F84: 7.6788421 | H84: 0
A85: Bangor East And Donaghadee | B85: 7.1648217 | C85: 6.9784168 | D85: 6.9082058 | E85: 7.0653537 | F85: 7.1172125 | H85: 0
A86: Bangor West | B86: 8.3440354 | C86: 9.0299577 | D86: 8.6584365 | E86: 8.3935941 | F86: 7.5025963 | H86: 0
A87: Comber | B87: 6.1157985 | C87: 5.9405612 | D87: 6.4511193 | E87: 6.458412 | F87: 6.844797 | H87: 0
A88: Holywood And Clandeboye | B88: 6.2585893 | C88: 6.4532537 | D88: 6.1733791 | E88: 6.5364388 | F88: 6.2316525 | H88: 0
A89: Newtownards | B89: 9.2870201 | C89: 9.2819051 | D89: 9.6720884 | E89: 8.9514396 | F89: 8.8559106 | H89: 0
A91: Standardised Death Rate - Treatable
A92: Deaths per 100,000 population | B92: 2015-19 | C92: 2016-20 | D92: 2017-21 | E92: 2018-22 | F92: 2019-23
A93: Northern Ireland | B93: 83.317505 | C93: 81.893403 | D93: 80.471145 | E93: 79.5597 | F93: 79.419745
A94: Ards & North Down LGD | B94: 74.07914 | C94: 75.140988 | D94: 74.309924 | E94: 71.98922 | F94: 74.551055 | G94: =H94 -> 0 | H94: 0
A95: Ards & North Down LGD Deprived | B95: 103.49652 | C95: 101.10075 | D95: 110.68133 | E95: 111.02865 | F95: 115.83625 | G95: =H95 -> 1 | H95: 1
A96: Ards & North Down LGD-NI Gap | B96: -0.11088144 | C96: -0.082453709 | D96: -0.076564353 | E96: -0.095154711 | F96: -0.061303272
A97: Ards & North Down LGD Deprivation Gap | B97: 0.39710742 | C97: 0.34548065 | D97: 0.48945559 | E97: 0.54229545 | F97: 0.55378424
A98: Ards Peninsula | B98: 73.671739 | C98: 71.04349 | D98: 72.16701 | E98: 75.086238 | F98: 74.1684 | H98: 0
A99: Bangor Central | B99: 75.393717 | C99: 73.9557 | D99: 79.854248 | E99: 79.580675 | F99: 76.021635 | H99: 0
A100: Bangor East And Donaghadee | B100: 63.950599 | C100: 62.174479 | D100: 61.889724 | E100: 58.507477 | F100: 66.501597 | H100: 0
A101: Bangor West | B101: 77.113077 | C101: 82.97621 | D101: 76.52727 | E101: 69.218016 | F101: 74.988099 | H101: 0
A102: Comber | B102: 62.308827 | C102: 55.530401 | D102: 49.199446 | E102: 49.382117 | F102: 47.958794 | H102: -1
A103: Holywood And Clandeboye | B103: 69.553025 | C103: 73.358697 | D103: 68.843798 | E103: 66.795328 | F103: 68.302706 | H103: 0
A104: Newtownards | B104: 92.227186 | C104: 101.07882 | D104: 101.87417 | E104: 96.078558 | F104: 103.84651 | H104: 1
A106: Standardised Death Rate - Preventable
A107: Deaths per 100,000 population | B107: 2015-19 | C107: 2016-20 | D107: 2017-21 | E107: 2018-22 | F107: 2019-23
A108: Northern Ireland | B108: 168.80488 | C108: 172.55081 | D108: 178.3291 | E108: 178.97441 | F108: 177.45494
A109: Ards & North Down LGD | B109: 143.16852 | C109: 143.58848 | D109: 144.36614 | E109: 143.29048 | F109: 143.23174 | G109: =H109 -> -1 | H109: -1
...

Sheet Armagh, Banbridge & Craigavon
A1: ARMAGH CITY, BANBRIDGE & CRAIGAVON LOCAL GOVERNMENT DISTRICT
H3: RAG Comparison
A4: Key: | B4: Worse than | C4: -1 | D4: Similar to | E4: 0 | F4: Better than | G4: 1
A5: Service-based indicators Key: | B5: Lower than | C5: -1 | D5: Similar to | E5: 0 | F5: Higher than | G5: 1
A6: Note: Area values are compared to Northern Ireland, Area's deprived areas are compared to Area Average
A8: Male Life Expectancy at Birth
A9: Years | B9: 2017-19 | C9: 2018-20 | D9: 2019-21 | E9: 2020-22 | F9: 2021-23
A10: Northern Ireland | B10: 78.818762 | C10: 78.733213 | D10: 78.476598 | E10: 78.425672 | F10: 78.763745
A11: Armagh City, Banbridge & Craigavon LGD | B11: 79.539814 | C11: 79.395949 | D11: 79.246134 | E11: 78.765945 | F11: 79.156333 | G11: =H11 -> 0 | H11: 0
A12: Armagh City, Banbridge & Craigavon LGD Deprived | B12: 76.423444 | C12: 76.490017 | D12: 76.068664 | E12: 75.851083 | F12: 75.707744 | G12: =H12 -> -1 | H12: -1
A13: Armagh City, Banbridge & Craigavon LGD-NI Gap | B13: -0.72105215 | C13: -0.66273538 | D13: -0.76953597 | E13: -0.34027264 | F13: -0.39258818
A14: Armagh City, Banbridge & Craigavon LGD Deprivation Gap | B14: 3.1163704 | C14: 2.9059313 | D14: 3.1774693 | E14: 2.9148615 | F14: 3.4485894
A15: Armagh | B15: 80.269939 | C15: 80.387491 | D15: 79.71447 | E15: 78.625663 | F15: 78.102733 | H15: 0
A16: Banbridge | B16: 80.326327 | C16: 79.582715 | D16: 79.742159 | E16: 79.025437 | F16: 79.566454 | H16: 0
A17: Craigavon | B17: 79.825519 | C17: 80.149618 | D17: 79.730414 | E17: 78.733975 | F17: 79.38749 | H17: 0
A18: Cusher | B18: 81.109778 | C18: 81.069294 | D18: 80.45347 | E18: 80.225736 | F18: 80.530571 | H18: 0
A19: Lagan River | B19: 81.391402 | C19: 80.889525 | D19: 81.135577 | E19: 81.617459 | F19: 82.823125 | H19: 1
A20: Lurgan | B20: 77.77869 | C20: 77.666492 | D20: 77.772345 | E20: 77.616867 | F20: 77.818824 | H20: 0
A21: Portadown | B21: 77.231247 | C21: 77.389448 | D21: 77.388639 | E21: 77.010998 | F21: 77.93636 | H21: 0
A23: Female Life Expectancy at Birth
A24: Years | B24: 2017-19 | C24: 2018-20 | D24: 2019-21 | E24: 2020-22 | F24: 2021-23
A25: Northern Ireland | B25: 82.58255 | C25: 82.425041 | D25: 82.289751 | E25: 82.255854 | F25: 82.485164
A26: Armagh City, Banbridge & Craigavon LGD | B26: 83.212595 | C26: 83.329746 | D26: 83.077759 | E26: 82.821234 | F26: 82.97564 | G26: =H26 -> 0 | H26: 0
A27: Armagh City, Banbridge & Craigavon LGD Deprived | B27: 81.633552 | C27: 82.591636 | D27: 81.839911 | E27: 81.623609 | F27: 81.923104 | G27: =H27 -> 0 | H27: 0
A28: Armagh City, Banbridge & Craigavon LGD-NI Gap | B28: -0.63004503 | C28: -0.90470504 | D28: -0.78800808 | E28: -0.5653796 | F28: -0.49047587
A29: Armagh City, Banbridge & Craigavon LGD Deprivation Gap | B29: 1.5790429 | C29: 0.73811001 | D29: 1.2378479 | E29: 1.1976246 | F29: 1.0525352
A30: Armagh | B30: 82.148847 | C30: 82.603571 | D30: 82.592948 | E30: 82.349417 | F30: 82.856718 | H30: 0
A31: Banbridge | B31: 83.338383 | C31: 82.796576 | D31: 82.278971 | E31: 81.800761 | F31: 82.432646 | H31: 0
A32: Craigavon | B32: 82.839576 | C32: 83.634069 | D32: 82.984131 | E32: 83.149633 | F32: 83.409452 | H32: 0
A33: Cusher | B33: 84.111338 | C33: 84.657342 | D33: 84.434056 | E33: 84.176198 | F33: 83.514602 | H33: 0
A34: Lagan River | B34: 85.428974 | C34: 85.69702 | D34: 85.302523 | E34: 85.422116 | F34: 85.458533 | H34: 1
A35: Lurgan | B35: 84.037285 | C35: 84.205822 | D35: 82.995869 | E35: 82.146426 | F35: 81.948801 | H35: 0
A36: Portadown | B36: 81.84222 | C36: 81.179475 | D36: 82.049738 | E36: 82.277759 | F36: 82.693596 | H36: 0
A38: Male Life Expectancy at Age 65
A39: Years | B39: 2017-19 | C39: 2018-20 | D39: 2019-21 | E39: 2020-22 | F39: 2021-23
A40: Northern Ireland | B40: 18.536761 | C40: 18.484435 | D40: 18.365174 | E40: 18.304984 | F40: 18.506212
A41: Armagh City, Banbridge & Craigavon LGD | B41: 18.749983 | C41: 18.792466 | D41: 18.701837 | E41: 18.908061 | F41: 18.907432 | G41: =H41 -> 0 | H41: 0
A42: Armagh City, Banbridge & Craigavon LGD Deprived | B42: 17.310411 | C42: 17.352002 | D42: 17.225361 | E42: 17.217415 | F42: 17.257314 | G42: =H42 -> -1 | H42: -1
A43: Armagh City, Banbridge & Craigavon LGD-NI Gap | B43: -0.21322183 | C43: -0.30803077 | D43: -0.33666294 | E43: -0.60307737 | F43: -0.40122012
A44: Armagh City, Banbridge & Craigavon LGD Deprivation Gap | B44: 1.4395726 | C44: 1.4404632 | D44: 1.4764752 | E44: 1.6906457 | F44: 1.6501172
A45: Armagh | B45: 18.847859 | C45: 19.15598 | D45: 18.685765 | E45: 18.695191 | F45: 18.255827 | H45: 0
A46: Banbridge | B46: 18.959974 | C46: 18.375869 | D46: 18.778057 | E46: 18.797795 | F46: 19.193087 | H46: 0
A47: Craigavon | B47: 18.638777 | C47: 18.864853 | D47: 18.447834 | E47: 18.458273 | F47: 19.125757 | H47: 0
A48: Cusher | B48: 18.946704 | C48: 18.999458 | D48: 18.553938 | E48: 18.346456 | F48: 18.608497 | H48: 0
A49: Lagan River | B49: 19.678806 | C49: 19.873969 | D49: 20.405962 | E49: 20.586664 | F49: 21.196936 | H49: 1
A50: Lurgan | B50: 18.650859 | C50: 18.854281 | D50: 18.491162 | E50: 18.468476 | F50: 18.39744 | H50: 0
A51: Portadown | B51: 17.792637 | C51: 17.917374 | D51: 18.049359 | E51: 18.109973 | F51: 18.554984 | H51: 0
A53: Female Life Expectancy at Age 65
A54: Years | B54: 2017-19 | C54: 2018-20 | D54: 2019-21 | E54: 2020-22 | F54: 2021-23
A55: Northern Ireland | B55: 20.856044 | C55: 20.749343 | D55: 20.701913 | E55: 20.57369 | F55: 20.746988
A56: Armagh City, Banbridge & Craigavon LGD | B56: 21.215143 | C56: 21.317571 | D56: 21.26775 | E56: 21.037436 | F56: 21.133456 | G56: =H56 -> 0 | H56: 0
A57: Armagh City, Banbridge & Craigavon LGD Deprived | B57: 20.900804 | C57: 21.591846 | D57: 20.582768 | E57: 20.295595 | F57: 20.518252 | G57: =H57 -> 0 | H57: 0
A58: Armagh City, Banbridge & Craigavon LGD-NI Gap | B58: -0.35909952 | C58: -0.56822744 | D58: -0.56583671 | E58: -0.46374629 | F58: -0.3864677
A59: Armagh City, Banbridge & Craigavon LGD Deprivation Gap | B59: 0.3143389 | C59: -0.27427567 | D59: 0.68498224 | E59: 0.74184092 | F59: 0.6152037
A60: Armagh | B60: 20.682831 | C60: 21.215442 | D60: 21.330703 | E60: 21.017403 | F60: 20.997659 | H60: 0
A61: Banbridge | B61: 20.961103 | C61: 21.028167 | D61: 20.965082 | E61: 20.915069 | F61: 21.23235 | H61: 0
A62: Craigavon | B62: 20.513925 | C62: 21.147156 | D62: 20.798981 | E62: 21.204256 | F62: 21.311476 | H62: 0
A63: Cusher | B63: 22.359661 | C63: 21.757569 | D63: 22.001606 | E63: 21.98921 | F63: 21.697762 | H63: 0
A64: Lagan River | B64: 22.432728 | C64: 22.35278 | D64: 22.197701 | E64: 22.542019 | F64: 22.930025 | H64: 1
A65: Lurgan | B65: 22.294791 | C65: 22.376419 | D65: 21.489052 | E65: 20.426546 | F65: 20.282432 | H65: 0
A66: Portadown | B66: 20.430833 | C66: 20.171066 | D66: 20.550498 | E66: 20.122452 | F66: 20.520356 | H66: 0
A68: Standardised Death Rate - All Deaths
A69: Deaths per 100,000 population | B69: 2017-19 | C69: 2018-20 | D69: 2019-21 | E69: 2020-22 | F69: 2021-23
A70: Northern Ireland | B70: 1004.5825 | C70: 1017.2747 | D70: 1029.771 | E70: 1041.2114 | F70: 1015.538
A71: Armagh City, Banbridge & Craigavon LGD | B71: 962.25674 | C71: 959.88478 | D71: 967.52403 | E71: 991.99464 | F71: 972.87578 | G71: =H71 -> -1 | H71: -1
A72: Armagh City, Banbridge & Craigavon LGD Deprived | B72: 1092.4599 | C72: 1062.3744 | D72: 1114.2864 | E72: 1134.3119 | F72: 1111.7274 | G72: =H72 -> 1 | H72: 1
A73: Armagh City, Banbridge & Craigavon LGD-NI Gap | B73: -0.042132691 | C73: -0.056415381 | D73: -0.060447393 | E73: -0.047268726 | F73: -0.042009478
A74: Armagh City, Banbridge & Craigavon LGD Deprivation Gap | B74: 0.13531016 | C74: 0.1067728 | D74: 0.15168862 | E74: 0.14346576 | F74: 0.14272288
A76: Potential Years of Life Lost
A77: Years lost per 100 persons | B77: 2017-19 | C77: 2018-20 | D77: 2019-21 | E77: 2020-22 | F77: 2021-23
A78: Northern Ireland | B78: 8.4327762 | C78: 8.5044878 | D78: 8.6991847 | E78: 8.7130255 | F78: 8.4902427
A79: Armagh City, Banbridge & Craigavon LGD | B79: 7.6434637 | C79: 7.7253743 | D79: 7.955485 | E79: 8.3412741 | F79: 8.1100138 | G79: =H79 -> 0 | H79: 0
A80: Armagh City, Banbridge & Craigavon LGD Deprived | B80: 11.5396 | C80: 10.941608 | D80: 11.103544 | E80: 11.223187 | F80: 11.393762 | G80: =H80 -> 1 | H80: 1
A81: Armagh City, Banbridge & Craigavon LGD-NI Gap | B81: -0.093600561 | C81: -0.091612038 | D81: -0.085490742 | E81: -0.042666164 | F81: -0.044784226
A82: Armagh City, Banbridge & Craigavon LGD Deprivation Gap | B82: 0.50973436 | C82: 0.41632069 | D82: 0.39570927 | E82: 0.34550027 | F82: 0.40490041
A83: Armagh | B83: 7.3203909 | C83: 7.6279611 | D83: 8.1011517 | E83: 8.8661055 | F83: 8.7539865 | H83: 0
A84: Banbridge | B84: 7.1090881 | C84: 7.5492407 | D84: 7.9740646 | E84: 8.708621 | F84: 8.1561304 | H84: 0
A85: Craigavon | B85: 7.6140886 | C85: 7.326764 | D85: 7.7350379 | E85: 8.3462422 | F85: 7.8946722 | H85: 0
A86: Cusher | B86: 6.691493 | C86: 5.8545711 | D86: 6.269014 | E86: 6.6192407 | F86: 6.8757256 | H86: 0
A87: Lagan River | B87: 6.0597536 | C87: 5.9657903 | D87: 6.1430258 | E87: 5.8448126 | F87: 5.8767196 | H87: -1
A88: Lurgan | B88: 8.7444863 | C88: 8.9044289 | D88: 9.1713845 | E88: 9.4550258 | F88: 9.4539189 | H88: 0
A89: Portadown | B89: 9.3606414 | C89: 9.8835113 | D89: 9.3743987 | E89: 9.4181666 | F89: 8.6589075 | H89: 0
A91: Standardised Death Rate - Treatable
A92: Deaths per 100,000 population | B92: 2015-19 | C92: 2016-20 | D92: 2017-21 | E92: 2018-22 | F92: 2019-23
A93: Northern Ireland | B93: 83.317505 | C93: 81.893403 | D93: 80.471145 | E93: 79.5597 | F93: 79.419745
A94: Armagh City, Banbridge & Craigavon LGD | B94: 79.375203 | C94: 79.310457 | D94: 76.480666 | E94: 77.320026 | F94: 75.212902 | G94: =H94 -> 0 | H94: 0
A95: Armagh City, Banbridge & Craigavon LGD Deprived | B95: 107.2827 | C95: 109.58474 | D95: 100.98021 | E95: 97.526058 | F95: 94.217065 | G95: =H95 -> 1 | H95: 1
A96: Armagh City, Banbridge & Craigavon LGD-NI Gap | B96: -0.047316611 | C96: -0.031540336 | D96: -0.049588935 | E96: -0.028150865 | F96: -0.052969739
A97: Armagh City, Banbridge & Craigavon LGD Deprivation Gap | B97: 0.35158957 | C97: 0.38171862 | D97: 0.32033641 | E97: 0.26132986 | F97: 0.25267159
A98: Armagh | B98: 87.376547 | C98: 83.577789 | D98: 78.04261 | E98: 79.569797 | F98: 75.750724 | H98: 0
A99: Banbridge | B99: 76.724748 | C99: 77.10975 | D99: 78.770024 | E99: 84.11519 | F99: 82.939571 | H99: 0
A100: Craigavon | B100: 88.209168 | C100: 88.053769 | D100: 79.331681 | E100: 66.381612 | F100: 62.86112 | H100: 0
A101: Cusher | B101: 70.782105 | C101: 67.188296 | D101: 72.186437 | E101: 73.106503 | F101: 75.848124 | H101: 0
A102: Lagan River | B102: 67.42494 | C102: 62.079475 | D102: 52.673011 | E102: 57.337891 | F102: 55.216887 | H102: -1
A103: Lurgan | B103: 75.392362 | C103: 78.854989 | D103: 77.752001 | E103: 80.23707 | F103: 84.813987 | H103: 0
A104: Portadown | B104: 89.993421 | C104: 96.357541 | D104: 92.312676 | E104: 92.642748 | F104: 80.237573 | H104: 0
A106: Standardised Death Rate - Preventable
A107: Deaths per 100,000 population | B107: 2015-19 | C107: 2016-20 | D107: 2017-21 | E107: 2018-22 | F107: 2019-23
A108: Northern Ireland | B108: 168.80488 | C108: 172.55081 | D108: 178.3291 | E108: 178.97441 | F108: 177.45494
A109: Armagh City, Banbridge & Craigavon LGD | B109: 151.9042 | C109: 154.48995 | D109: 161.96198 | E109: 162.91523 | F109: 162.39589 | G109: =H109 -> -1 | H109: -1
...

Sheet Belfast LGD
A1: BELFAST LOCAL GOVERNMENT DISTRICT
H3: RAG Comparison
A4: Key: | B4: Worse than | C4: -1 | D4: Similar to | E4: 0 | F4: Better than | G4: 1
A5: Service-based indicators Key: | B5: Lower than | C5: -1 | D5: Similar to | E5: 0 | F5: Higher than | G5: 1
A6: Note: Area values are compared to Northern Ireland, Area's deprived areas are compared to Area Average
A8: Male Life Expectancy at Birth
A9: Years | B9: 2017-19 | C9: 2018-20 | D9: 2019-21 | E9: 2020-22 | F9: 2021-23
A10: Northern Ireland | B10: 78.818762 | C10: 78.733213 | D10: 78.476598 | E10: 78.425672 | F10: 78.763745
A11: Belfast LGD | B11: 76.076243 | C11: 75.783594 | D11: 75.576075 | E11: 75.800228 | F11: 76.535317 | G11: =H11 -> -1 | H11: -1
A12: Belfast LGD Deprived | B12: 71.356366 | C12: 70.655457 | D12: 70.043171 | E12: 70.763904 | F12: 71.846197 | G12: =H12 -> -1 | H12: -1
A13: Belfast LGD-NI Gap | B13: 2.742519 | C13: 2.9496194 | D13: 2.9005224 | E13: 2.6254444 | F13: 2.2284279
A14: Belfast LGD Deprivation Gap | B14: 4.7198774 | C14: 5.1281372 | D14: 5.5329046 | E14: 5.0363234 | F14: 4.6891197
A15: Balmoral | B15: 80.713292 | C15: 80.496 | D15: 79.830951 | E15: 79.625801 | F15: 80.623086
A16: Black Mountain | B16: 73.549136 | C16: 74.108785 | D16: 73.256465 | E16: 72.752832 | F16: 73.199965
A17: Botanic | B17: 76.977727 | C17: 77.921907 | D17: 78.053273 | E17: 78.289443 | F17: 78.095969
A18: Castle | B18: 74.729517 | C18: 73.880725 | D18: 74.355001 | E18: 74.557406 | F18: 75.536138
A19: Collin | B19: 77.234558 | C19: 76.332712 | D19: 76.717235 | E19: 76.695904 | F19: 77.288091
A20: Court | B20: 71.655483 | C20: 70.9334 | D20: 71.042609 | E20: 72.673371 | F20: 74.303166
A21: Lisnasharragh | B21: 79.778401 | C21: 79.403392 | D21: 79.19428 | E21: 79.670375 | F21: 79.277545
A22: Oldpark | B22: 73.285816 | C22: 73.008143 | D22: 72.069885 | E22: 72.471556 | F22: 73.222383
A23: Ormiston | B23: 78.875016 | C23: 79.097943 | D23: 79.28945 | E23: 79.171132 | F23: 79.955055
A24: Titanic | B24: 76.241313 | C24: 74.664618 | D24: 73.833228 | E24: 73.864024 | F24: 75.646855
A26: Female Life Expectancy at Birth
A27: Years | B27: 2017-19 | C27: 2018-20 | D27: 2019-21 | E27: 2020-22 | F27: 2021-23
A28: Northern Ireland | B28: 82.58255 | C28: 82.425041 | D28: 82.289751 | E28: 82.255854 | F28: 82.485164
A29: Belfast LGD | B29: 80.815815 | C29: 80.361793 | D29: 80.367292 | E29: 80.374512 | F29: 80.554214 | G29: =H29 -> -1 | H29: -1
A30: Belfast LGD Deprived | B30: 76.776199 | C30: 76.390477 | D30: 76.551022 | E30: 76.945563 | F30: 76.33963 | G30: =H30 -> -1 | H30: -1
A31: Belfast LGD-NI Gap | B31: 1.7667353 | C31: 2.0632476 | D31: 1.9224586 | E31: 1.8813415 | F31: 1.93095
A32: Belfast LGD Deprivation Gap | B32: 4.039616 | C32: 3.9713158 | D32: 3.8162703 | E32: 3.4289493 | F32: 4.2145838
A33: Balmoral | B33: 84.937706 | C33: 84.32488 | D33: 84.191666 | E33: 84.424848 | F33: 84.348469
A34: Black Mountain | B34: 79.030225 | C34: 78.671644 | D34: 78.371352 | E34: 78.265127 | F34: 78.356484
A35: Botanic | B35: 82.920803 | C35: 82.918094 | D35: 82.538627 | E35: 82.642369 | F35: 82.317322
A36: Castle | B36: 81.36179 | C36: 80.188779 | D36: 79.588959 | E36: 80.162402 | F36: 80.185619
A37: Collin | B37: 82.767517 | C37: 82.893015 | D37: 81.919468 | E37: 79.710448 | F37: 79.267268
A38: Court | B38: 76.398664 | C38: 75.678582 | D38: 76.383 | E38: 76.681672 | F38: 76.53911
A39: Lisnasharragh | B39: 82.445104 | C39: 81.497777 | D39: 82.447103 | E39: 82.001966 | F39: 82.934594
A40: Oldpark | B40: 79.425877 | C40: 78.675904 | D40: 78.105731 | E40: 78.451626 | F40: 78.443956
A41: Ormiston | B41: 83.26942 | C41: 83.343441 | D41: 83.256947 | E41: 83.466501 | F41: 84.04141
A42: Titanic | B42: 78.169739 | C42: 78.521974 | D42: 79.394086 | E42: 79.774656 | F42: 80.628657
A44: Male Life Expectancy at Age 65
A45: Years | B45: 2017-19 | C45: 2018-20 | D45: 2019-21 | E45: 2020-22 | F45: 2021-23
A46: Northern Ireland | B46: 18.536761 | C46: 18.484435 | D46: 18.365174 | E46: 18.304984 | F46: 18.506212
A47: Belfast LGD | B47: 17.312276 | C47: 17.017747 | D47: 16.917712 | E47: 17.030629 | F47: 17.31059 | G47: =H47 -> -1 | H47: -1
A48: Belfast LGD Deprived | B48: 15.729369 | C48: 15.095309 | D48: 15.0686 | E48: 15.133689 | F48: 15.680571 | G48: =H48 -> -1 | H48: -1
A49: Belfast LGD-NI Gap | B49: 1.2244852 | C49: 1.4666879 | D49: 1.4474615 | E49: 1.2743553 | F49: 1.1956219
A50: Belfast LGD Deprivation Gap | B50: 1.5829075 | C50: 1.9224377 | D50: 1.8491121 | E50: 1.8969397 | F50: 1.6300184
A51: Balmoral | B51: 19.386275 | C51: 19.243683 | D51: 18.49235 | E51: 19.10273 | F51: 19.517206
A52: Black Mountain | B52: 16.364287 | C52: 16.455809 | D52: 15.993439 | E52: 15.893322 | F52: 15.673673
A53: Botanic | B53: 17.475357 | C53: 17.523032 | D53: 17.928211 | E53: 18.248989 | F53: 18.309735
A54: Castle | B54: 16.349416 | C54: 16.387508 | D54: 17.113857 | E54: 16.731014 | F54: 16.970233
A55: Collin | B55: 18.466941 | C55: 18.306519 | D55: 18.18275 | E55: 18.160178 | F55: 17.978573
A56: Court | B56: 15.646404 | C56: 15.068969 | D56: 15.056682 | E56: 15.078659 | F56: 15.573227
A57: Lisnasharragh | B57: 18.418313 | C57: 18.498142 | D57: 17.982635 | E57: 18.034605 | F57: 17.954038
A58: Oldpark | B58: 16.810131 | C58: 16.14914 | D58: 15.797072 | E58: 15.537253 | F58: 16.337684
A59: Ormiston | B59: 18.430823 | C59: 17.920662 | D59: 18.105469 | E59: 17.773235 | F59: 18.668414
A60: Titanic | B60: 17.273912 | C60: 16.181299 | D60: 15.855203 | E60: 16.173301 | F60: 17.348369
A62: Female Life Expectancy at Age 65
A63: Years | B63: 2017-19 | C63: 2018-20 | D63: 2019-21 | E63: 2020-22 | F63: 2021-23
A64: Northern Ireland | B64: 20.856044 | C64: 20.749343 | D64: 20.701913 | E64: 20.57369 | F64: 20.746988
A65: Belfast LGD | B65: 19.882672 | C65: 19.54808 | D65: 19.548668 | E65: 19.410934 | F65: 19.543213 | G65: =H65 -> -1 | H65: -1
A66: Belfast LGD Deprived | B66: 17.609615 | C66: 17.439013 | D66: 17.655936 | E66: 17.875357 | F66: 17.420671 | G66: =H66 -> -1 | H66: -1
A67: Belfast LGD-NI Gap | B67: 0.97337193 | C67: 1.2012634 | D67: 1.153245 | E67: 1.1627551 | F67: 1.2037749
A68: Belfast LGD Deprivation Gap | B68: 2.2730572 | C68: 2.1090674 | D68: 1.8927326 | E68: 1.5355773 | F68: 2.1225426
A69: Balmoral | B69: 22.304238 | C69: 22.051625 | D69: 21.942339 | E69: 22.089751 | F69: 21.929491
A70: Black Mountain | B70: 19.094791 | C70: 18.838572 | D70: 18.819938 | E70: 18.345737 | F70: 18.349169
A71: Botanic | B71: 20.92292 | C71: 20.979553 | D71: 20.724113 | E71: 20.711168 | F71: 20.465524
A72: Castle | B72: 20.405445 | C72: 19.455305 | D72: 19.399611 | E72: 19.283206 | F72: 19.686616
A73: Collin | B73: 21.250131 | C73: 21.409409 | D73: 20.85577 | E73: 19.595005 | F73: 19.26586
A74: Court | B74: 17.282305 | C74: 16.673993 | D74: 16.809947 | E74: 17.119789 | F74: 17.208523
A75: Lisnasharragh | B75: 20.648548 | C75: 20.823034 | D75: 21.355324 | E75: 20.990621 | F75: 20.78435
A76: Oldpark | B76: 19.567963 | C76: 19.240219 | D76: 18.681558 | E76: 18.453143 | F76: 18.41367
A77: Ormiston | B77: 21.169132 | C77: 20.661592 | D77: 20.419298 | E77: 20.156006 | F77: 20.814547
A78: Titanic | B78: 18.270548 | C78: 18.328908 | D78: 18.750935 | E78: 18.83522 | F78: 19.463694
A80: Standardised Death Rate - All Deaths
A81: Deaths per 100,000 population | B81: 2017-19 | C81: 2018-20 | D81: 2019-21 | E81: 2020-22 | F81: 2021-23
A82: Northern Ireland | B82: 1004.5825 | C82: 1017.2747 | D82: 1029.771 | E82: 1041.2114 | F82: 1015.538
A83: Belfast LGD | B83: 1154.3835 | C83: 1191.1833 | D83: 1199.7649 | E83: 1204.3963 | F83: 1169.8179 | G83: =H83 -> 1 | H83: 1
A84: Belfast LGD Deprived | B84: 1448.3321 | C84: 1512.261 | D84: 1526.7402 | E84: 1505.3367 | F84: 1485.5288 | G84: =H84 -> 1 | H84: 1
A85: Belfast LGD-NI Gap | B85: 0.14911763 | C85: 0.1709554 | D85: 0.16507935 | E85: 0.15672602 | F85: 0.15191933
A86: Belfast LGD Deprivation Gap | B86: 0.25463694 | C86: 0.26954516 | D86: 0.27253281 | E86: 0.2498683 | F86: 0.2698804
A88: Potential Years of Life Lost
A89: Years lost per 100 persons | B89: 2017-19 | C89: 2018-20 | D89: 2019-21 | E89: 2020-22 | F89: 2021-23
A90: Northern Ireland | B90: 8.4327762 | C90: 8.5044878 | D90: 8.6991847 | E90: 8.7130255 | F90: 8.4902427
A91: Belfast LGD | B91: 11.269909 | C91: 11.584262 | D91: 11.690261 | E91: 11.551168 | F91: 11.030727 | G91: =H91 -> 1 | H91: 1
A92: Belfast LGD Deprived | B92: 18.258285 | C92: 19.007623 | D92: 19.43516 | E92: 18.375117 | F92: 17.989393 | G92: =H92 -> 1 | H92: 1
A93: Belfast LGD-NI Gap | B93: 0.33644112 | C93: 0.36213517 | D93: 0.3438341 | E93: 0.32573555 | F93: 0.29922396
A94: Belfast LGD Deprivation Gap | B94: 0.6200916 | C94: 0.64081434 | D94: 0.66250866 | E94: 0.59075838 | F94: 0.63084386
A95: Balmoral | B95: 6.3208765 | C95: 6.8731847 | D95: 7.3192715 | E95: 7.4191256 | F95: 7.0428307
A96: Black Mountain | B96: 14.290902 | C96: 13.692557 | D96: 14.574389 | E96: 15.036161 | F96: 14.725803
A97: Botanic | B97: 9.8043814 | C97: 9.3749132 | D97: 9.241814 | E97: 9.3880551 | F97: 9.5090942
A98: Castle | B98: 11.566737 | C98: 13.02357 | D98: 13.192174 | E98: 12.735585 | F98: 12.028315
A99: Collin | B99: 10.545473 | C99: 11.072319 | D99: 11.46999 | E99: 12.562626 | F99: 12.38325
A100: Court | B100: 17.074571 | C100: 17.685479 | D100: 17.181671 | E100: 15.797018 | F100: 14.867539
A101: Lisnasharragh | B101: 7.3808475 | C101: 8.2459597 | D101: 7.5766913 | E101: 7.4697682 | F101: 7.1556848
A102: Oldpark | B102: 15.732909 | C102: 15.956485 | D102: 16.527692 | E102: 15.576678 | F102: 15.352183
A103: Ormiston | B103: 7.5438638 | C103: 7.0599338 | D103: 6.8255842 | E103: 6.4417705 | F103: 5.8340777
A104: Titanic | B104: 12.990566 | C104: 13.744009 | D104: 13.775841 | E104: 13.888088 | F104: 12.054181
A106: Standardised Death Rate - Treatable
A107: Deaths per 100,000 population | B107: 2015-19 | C107: 2016-20 | D107: 2017-21 | E107: 2018-22 | F107: 2019-23
A108: Northern Ireland | B108: 83.317505 | C108: 81.893403 | D108: 80.471145 | E108: 79.5597 | F108: 79.419745
...

Sheet Causeway Coast & Glens
A1: CAUSEWAY COAST & GLENS LOCAL GOVERNMENT DISTRICT
H3: RAG Comparison
A4: Key: | B4: Worse than | C4: -1 | D4: Similar to | E4: 0 | F4: Better than | G4: 1
A5: Service-based indicators Key: | B5: Lower than | C5: -1 | D5: Similar to | E5: 0 | F5: Higher than | G5: 1
A6: Note: Area values are compared to Northern Ireland, Area's deprived areas are compared to Area Average
A8: Male Life Expectancy at Birth
A9: Years | B9: 2017-19 | C9: 2018-20 | D9: 2019-21 | E9: 2020-22 | F9: 2021-23
A10: Northern Ireland | B10: 78.818762 | C10: 78.733213 | D10: 78.476598 | E10: 78.425672 | F10: 78.763745
A11: Causeway Coast & Glens LGD | B11: 79.423344 | C11: 79.622662 | D11: 79.39846 | E11: 79.133139 | F11: 79.127617 | G11: =H11 -> 0 | H11: 0
A12: Causeway Coast & Glens LGD Deprived | B12: 75.838137 | C12: 77.159116 | D12: 76.510643 | E12: 76.260564 | F12: 76.236294 | G12: =H12 -> -1 | H12: -1
A13: Causeway Coast & Glens LGD-NI Gap | B13: -0.6045823 | C13: -0.88944915 | D13: -0.92186226 | E13: -0.70746722 | F13: -0.36387259
A14: Causeway Coast & Glens LGD Deprivation Gap | B14: 3.5852077 | C14: 2.463546 | D14: 2.8878164 | E14: 2.8725756 | F14: 2.8913238
A15: Ballymoney | B15: 78.653973 | C15: 78.340177 | D15: 79.58199 | E15: 79.441113 | F15: 80.128869 | H15: 0
A16: Bann | B16: 82.070415 | C16: 81.932775 | D16: 80.976438 | E16: 80.76548 | F16: 81.266322 | H16: 1
A17: Benbradagh | B17: 77.930215 | C17: 78.972264 | D17: 80.115693 | E17: 80.640595 | F17: 80.477481 | H17: 0
A18: Causeway | B18: 80.142214 | C18: 80.698097 | D18: 79.805345 | E18: 79.090993 | F18: 78.830501 | H18: 0
A19: Coleraine | B19: 78.251939 | C19: 78.930626 | D19: 78.493986 | E19: 78.175367 | F19: 77.974165 | H19: 0
A20: Limavady | B20: 79.672954 | C20: 79.014039 | D20: 78.051369 | E20: 77.14884 | F20: 77.888942 | H20: 0
A21: The Glens | B21: 80.231955 | C21: 80.165567 | D21: 79.517553 | E21: 79.279845 | F21: 78.524824 | H21: 0
A23: Female Life Expectancy at Birth
A24: Years | B24: 2017-19 | C24: 2018-20 | D24: 2019-21 | E24: 2020-22 | F24: 2021-23
A25: Northern Ireland | B25: 82.58255 | C25: 82.425041 | D25: 82.289751 | E25: 82.255854 | F25: 82.485164
A26: Causeway Coast & Glens LGD | B26: 82.816561 | C26: 82.562756 | D26: 82.391851 | E26: 82.649033 | F26: 82.770767 | G26: =H26 -> 0 | H26: 0
A27: Causeway Coast & Glens LGD Deprived | B27: 81.209565 | C27: 80.063733 | D27: 80.065304 | E27: 80.321295 | F27: 80.545543 | G27: =H27 -> -1 | H27: -1
A28: Causeway Coast & Glens LGD-NI Gap | B28: -0.23401121 | C28: -0.13771534 | D28: -0.10209979 | E28: -0.39317912 | F28: -0.28560317
A29: Causeway Coast & Glens LGD Deprivation Gap | B29: 1.6069961 | C29: 2.499023 | D29: 2.3265469 | E29: 2.3277382 | F29: 2.2252234
A30: Ballymoney | B30: 83.006374 | C30: 83.259131 | D30: 83.564783 | E30: 84.139096 | F30: 84.394451 | H30: 0
A31: Bann | B31: 85.861149 | C31: 85.425619 | D31: 85.049148 | E31: 84.583954 | F31: 84.099537 | H31: 0
A32: Benbradagh | B32: 85.082576 | C32: 83.968141 | D32: 82.252764 | E32: 82.189196 | F32: 82.178433 | H32: 0
A33: Causeway | B33: 83.010734 | C33: 82.980868 | D33: 82.515479 | E33: 82.525008 | F33: 82.628959 | H33: 0
A34: Coleraine | B34: 81.355553 | C34: 81.152865 | D34: 81.836915 | E34: 82.384545 | F34: 82.219104 | H34: 0
A35: Limavady | B35: 81.18965 | C35: 80.463351 | D35: 80.424917 | E35: 80.946941 | F35: 80.990283 | H35: 0
A36: The Glens | B36: 82.812423 | C36: 82.322939 | D36: 82.06685 | E36: 82.143764 | F36: 83.242206 | H36: 0
A38: Male Life Expectancy at Age 65
A39: Years | B39: 2017-19 | C39: 2018-20 | D39: 2019-21 | E39: 2020-22 | F39: 2021-23
A40: Northern Ireland | B40: 18.536761 | C40: 18.484435 | D40: 18.365174 | E40: 18.304984 | F40: 18.506212
A41: Causeway Coast & Glens LGD | B41: 18.964471 | C41: 18.814847 | D41: 18.645247 | E41: 18.826523 | F41: 18.665901 | G41: =H41 -> 0 | H41: 0
A42: Causeway Coast & Glens LGD Deprived | B42: 17.594185 | C42: 18.065086 | D42: 18.257945 | E42: 18.191298 | F42: 18.17569 | G42: =H42 -> 0 | H42: 0
A43: Causeway Coast & Glens LGD-NI Gap | B43: -0.42770997 | C43: -0.33041232 | D43: -0.28007324 | E43: -0.52153944 | F43: -0.15968925
A44: Causeway Coast & Glens LGD Deprivation Gap | B44: 1.3702863 | C44: 0.74976088 | D44: 0.38730211 | E44: 0.63522568 | F44: 0.4902112
A45: Ballymoney | B45: 18.071808 | C45: 17.35374 | D45: 17.716954 | E45: 17.923969 | F45: 19.176294 | H45: 0
A46: Bann | B46: 20.992974 | C46: 20.61975 | D46: 19.238803 | E46: 18.920069 | F46: 19.166462 | H46: 0
A47: Benbradagh | B47: 17.999231 | C47: 18.856665 | D47: 19.778557 | E47: 19.834232 | F47: 20.083389 | H47: 1
A48: Causeway | B48: 19.166161 | C48: 19.415252 | D48: 19.288061 | E48: 18.687741 | F48: 18.709146 | H48: 0
A49: Coleraine | B49: 18.630227 | C49: 18.57177 | D49: 18.353776 | E49: 18.006554 | F49: 18.190309 | H49: 0
A50: Limavady | B50: 19.500704 | C50: 19.2487 | D50: 18.51483 | E50: 17.500853 | F50: 17.644511 | H50: 0
A51: The Glens | B51: 19.00096 | C51: 18.358625 | D51: 18.667657 | E51: 18.862461 | F51: 18.416326 | H51: 0
A53: Female Life Expectancy at Age 65
A54: Years | B54: 2017-19 | C54: 2018-20 | D54: 2019-21 | E54: 2020-22 | F54: 2021-23
A55: Northern Ireland | B55: 20.856044 | C55: 20.749343 | D55: 20.701913 | E55: 20.57369 | F55: 20.746988
A56: Causeway Coast & Glens LGD | B56: 21.01841 | C56: 20.872737 | D56: 20.769889 | E56: 20.860416 | F56: 21.060841 | G56: =H56 -> 0 | H56: 0
A57: Causeway Coast & Glens LGD Deprived | B57: 20.110484 | C57: 19.765907 | D57: 19.326072 | E57: 19.260932 | F57: 19.583237 | G57: =H57 -> -1 | H57: -1
A58: Causeway Coast & Glens LGD-NI Gap | B58: -0.16236632 | C58: -0.12339407 | D58: -0.067975259 | E58: -0.28672653 | F58: -0.31385237
A59: Causeway Coast & Glens LGD Deprivation Gap | B59: 0.90792622 | C59: 1.1068302 | D59: 1.4438162 | E59: 1.5994842 | F59: 1.4776041
A60: Ballymoney | B60: 21.473125 | C60: 21.131525 | D60: 21.087179 | E60: 21.494351 | F60: 22.471631 | H60: 1
A61: Bann | B61: 22.431042 | C61: 22.951055 | D61: 23.15657 | E61: 23.258637 | F61: 22.379838 | H61: 1
A62: Benbradagh | B62: 23.208109 | C62: 22.36348 | D62: 21.507858 | E62: 20.815394 | F62: 20.835618 | H62: 0
A63: Causeway | B63: 21.204872 | C63: 21.000996 | D63: 20.873441 | E63: 20.665884 | F63: 21.006372 | H63: 0
A64: Coleraine | B64: 20.159964 | C64: 20.045277 | D64: 20.349966 | E64: 20.706653 | F64: 20.850456 | H64: 0
A65: Limavady | B65: 19.746379 | C65: 19.300917 | D65: 18.744019 | E65: 18.905258 | F65: 19.053454 | H65: -1
A66: The Glens | B66: 20.989464 | C66: 20.98008 | D66: 21.102801 | E66: 20.973996 | F66: 21.269062 | H66: 0
A68: Standardised Death Rate - All Deaths
A69: Deaths per 100,000 population | B69: 2017-19 | C69: 2018-20 | D69: 2019-21 | E69: 2020-22 | F69: 2021-23
A70: Northern Ireland | B70: 1004.5825 | C70: 1017.2747 | D70: 1029.771 | E70: 1041.2114 | F70: 1015.538
A71: Causeway Coast & Glens LGD | B71: 969.56573 | C71: 989.88297 | D71: 1002.6645 | E71: 1008.4747 | F71: 987.7611 | G71: =H71 -> 0 | H71: 0
A72: Causeway Coast & Glens LGD Deprived | B72: 1186.9835 | C72: 1167.6995 | D72: 1169.2505 | E72: 1182.5279 | F72: 1167.9501 | G72: =H72 -> 1 | H72: 1
A73: Causeway Coast & Glens LGD-NI Gap | B73: -0.034857046 | C73: -0.026926598 | D73: -0.026322828 | E73: -0.03144094 | F73: -0.027351901
A74: Causeway Coast & Glens LGD Deprivation Gap | B74: 0.22424245 | C74: 0.17963384 | D74: 0.16614329 | E74: 0.17259056 | F74: 0.18242163
A76: Potential Years of Life Lost
A77: Years lost per 100 persons | B77: 2017-19 | C77: 2018-20 | D77: 2019-21 | E77: 2020-22 | F77: 2021-23
A78: Northern Ireland | B78: 8.4327762 | C78: 8.5044878 | D78: 8.6991847 | E78: 8.7130255 | F78: 8.4902427
A79: Causeway Coast & Glens LGD | B79: 7.9929052 | C79: 7.9009951 | D79: 8.1345853 | E79: 8.118393 | F79: 8.2249304 | G79: =H79 -> 0 | H79: 0
A80: Causeway Coast & Glens LGD Deprived | B80: 10.788785 | C80: 10.849938 | D80: 11.347267 | E80: 11.477159 | F80: 11.387798 | G80: =H80 -> 1 | H80: 1
A81: Causeway Coast & Glens LGD-NI Gap | B81: -0.052162062 | C81: -0.07096167 | D81: -0.06490257 | E81: -0.068246389 | F81: -0.031249083
A82: Causeway Coast & Glens LGD Deprivation Gap | B82: 0.34979518 | C82: 0.37323687 | D82: 0.39494105 | E82: 0.41372302 | F82: 0.38454642
A83: Ballymoney | B83: 8.8448402 | C83: 8.0865093 | D83: 7.3179411 | E83: 7.2764406 | F83: 7.6904543 | H83: 0
A84: Bann | B84: 5.5930353 | C84: 5.9497663 | D84: 6.6852124 | E84: 7.1823518 | F84: 6.8730628 | H84: 0
A85: Benbradagh | B85: 8.9476533 | C85: 8.8775539 | D85: 9.3258261 | E85: 8.1288916 | F85: 8.5211915 | H85: 0
A86: Causeway | B86: 7.4970432 | C86: 6.9406029 | D86: 7.7873034 | E86: 8.0944691 | F86: 8.3143583 | H86: 0
A87: Coleraine | B87: 8.7823735 | C87: 8.8667073 | D87: 9.0226734 | E87: 8.9458966 | F87: 9.0421338 | H87: 0
A88: Limavady | B88: 8.4269309 | C88: 9.1751766 | D88: 9.0462164 | E88: 9.1629411 | F88: 9.0157984 | H88: 0
A89: The Glens | B89: 7.5708972 | C89: 7.7672371 | D89: 8.4041571 | E89: 8.5390997 | F89: 8.2997722 | H89: 0
A91: Standardised Death Rate - Treatable
A92: Deaths per 100,000 population | B92: 2015-19 | C92: 2016-20 | D92: 2017-21 | E92: 2018-22 | F92: 2019-23
A93: Northern Ireland | B93: 83.317505 | C93: 81.893403 | D93: 80.471145 | E93: 79.5597 | F93: 79.419745
A94: Causeway Coast & Glens LGD | B94: 78.395113 | C94: 76.165918 | D94: 77.595892 | E94: 76.887518 | F94: 79.364439 | G94: =H94 -> 0 | H94: 0
A95: Causeway Coast & Glens LGD Deprived | B95: 92.768833 | C95: 88.971551 | D95: 90.442459 | E95: 90.44716 | F95: 95.322621 | G95: =H95 -> 0 | H95: 0
A96: Causeway Coast & Glens LGD-NI Gap | B96: -0.059079928 | C96: -0.069938294 | D96: -0.035730228 | E96: -0.033587132 | F96: -0.00069637803
A97: Causeway Coast & Glens LGD Deprivation Gap | B97: 0.18334969 | C97: 0.16812813 | D97: 0.16555731 | E97: 0.17635687 | F97: 0.20107472
A98: Ballymoney | B98: 88.930456 | C98: 80.154055 | D98: 81.825736 | E98: 81.739974 | F98: 82.563877 | H98: 0
A99: Bann | B99: 53.098038 | C99: 56.933645 | D99: 64.299896 | E99: 56.504417 | F99: 60.61526 | H99: 0
A100: Benbradagh | B100: 93.108583 | C100: 89.567324 | D100: 89.352419 | E100: 80.113654 | F100: 85.551527 | H100: 0
A101: Causeway | B101: 77.53539 | C101: 70.267738 | D101: 72.114862 | E101: 73.050548 | F101: 78.171448 | H101: 0
A102: Coleraine | B102: 89.080207 | C102: 87.000707 | D102: 79.781448 | E102: 85.180833 | F102: 84.739841 | H102: 0
A103: Limavady | B103: 73.010623 | C103: 75.655266 | D103: 81.892953 | E103: 88.535096 | F103: 92.780237 | H103: 0
A104: The Glens | B104: 71.354386 | C104: 75.493355 | D104: 78.5124 | E104: 75.305829 | F104: 71.915364 | H104: 0
A106: Standardised Death Rate - Preventable
A107: Deaths per 100,000 population | B107: 2015-19 | C107: 2016-20 | D107: 2017-21 | E107: 2018-22 | F107: 2019-23
A108: Northern Ireland | B108: 168.80488 | C108: 172.55081 | D108: 178.3291 | E108: 178.97441 | F108: 177.45494
A109: Causeway Coast & Glens LGD | B109: 150.67192 | C109: 156.47405 | D109: 163.09975 | E109: 163.50877 | F109: 165.44009 | G109: =H109 -> -1 | H109: -1
...

Sheet Derry City & Strabane
A1: DERRY CITY & STRABANE LOCAL GOVERNMENT DISTRICT
H3: RAG Comparison
A4: Key: | B4: Worse than | C4: -1 | D4: Similar to | E4: 0 | F4: Better than | G4: 1
A5: Service-based indicators Key: | B5: Lower than | C5: -1 | D5: Similar to | E5: 0 | F5: Higher than | G5: 1
A6: Note: Area values are compared to Northern Ireland, Area's deprived areas are compared to Area Average
A8: Male Life Expectancy at Birth
A9: Years | B9: 2017-19 | C9: 2018-20 | D9: 2019-21 | E9: 2020-22 | F9: 2021-23
A10: Northern Ireland | B10: 78.818762 | C10: 78.733213 | D10: 78.476598 | E10: 78.425672 | F10: 78.763745
A11: Derry City & Strabane LGD | B11: 77.759745 | C11: 77.99887 | D11: 77.316478 | E11: 77.515837 | F11: 77.421744 | G11: =H11 -> -1 | H11: -1
A12: Derry City & Strabane LGD Deprived | B12: 72.508377 | C12: 72.32713 | D12: 71.091095 | E12: 71.556088 | F12: 72.240508 | G12: =H12 -> -1 | H12: -1
A13: Derry City & Strabane LGD-NI Gap | B13: 1.0590172 | C13: 0.73434357 | D13: 1.1601193 | E13: 0.90983505 | F13: 1.3420012
A14: Derry City & Strabane LGD Deprivation Gap | B14: 5.2513681 | C14: 5.6717396 | D14: 6.2253832 | E14: 5.9597489 | F14: 5.181236
A15: Ballyarnett | B15: 76.604835 | C15: 76.962897 | D15: 76.109534 | E15: 77.957765 | F15: 78.025292 | H15: 0
A16: Derg | B16: 79.972853 | C16: 79.930771 | D16: 78.509383 | E16: 78.694569 | F16: 79.07725 | H16: 0
A17: Faughan | B17: 80.390538 | C17: 80.315299 | D17: 79.657365 | E17: 79.774063 | F17: 79.452739 | H17: 0
A18: Foyleside | B18: 78.330249 | C18: 77.783163 | D18: 76.722979 | E18: 76.158276 | F18: 75.914464 | H18: 0
A19: Sperrin | B19: 79.78928 | C19: 79.762187 | D19: 79.453732 | E19: 79.480439 | F19: 79.256937 | H19: 0
A20: The Moor | B20: 72.68575 | C20: 73.590766 | D20: 72.508716 | E20: 72.118589 | F20: 72.588936 | H20: -1
A21: Waterside | B21: 77.049805 | C21: 77.885391 | D21: 77.973805 | E21: 77.986534 | F21: 77.330769 | H21: 0
A23: Female Life Expectancy at Birth
A24: Years | B24: 2017-19 | C24: 2018-20 | D24: 2019-21 | E24: 2020-22 | F24: 2021-23
A25: Northern Ireland | B25: 82.58255 | C25: 82.425041 | D25: 82.289751 | E25: 82.255854 | F25: 82.485164
A26: Derry City & Strabane LGD | B26: 81.492538 | C26: 81.661091 | D26: 81.227256 | E26: 81.515383 | F26: 81.269617 | G26: =H26 -> -1 | H26: -1
A27: Derry City & Strabane LGD Deprived | B27: 78.687565 | C27: 78.915308 | D27: 78.300941 | E27: 78.024601 | F27: 77.630337 | G27: =H27 -> -1 | H27: -1
A28: Derry City & Strabane LGD-NI Gap | B28: 1.0900125 | C28: 0.76395015 | D28: 1.062495 | E28: 0.74047136 | F28: 1.2155464
A29: Derry City & Strabane LGD Deprivation Gap | B29: 2.804973 | C29: 2.7457831 | D29: 2.9263146 | E29: 3.4907813 | F29: 3.6392805
A30: Ballyarnett | B30: 82.207325 | C30: 82.501742 | D30: 81.933978 | E30: 81.6643 | F30: 80.530185 | H30: 0
A31: Derg | B31: 83.716061 | C31: 83.658327 | D31: 83.498473 | E31: 82.91138 | F31: 82.920936 | H31: 0
A32: Faughan | B32: 82.062147 | C32: 82.526503 | D32: 81.766065 | E32: 83.631254 | F32: 83.992508 | H32: 1
A33: Foyleside | B33: 81.638298 | C33: 81.68713 | D33: 81.321703 | E33: 81.511287 | F33: 80.955402 | H33: 0
A34: Sperrin | B34: 81.77906 | C34: 81.805704 | D34: 81.739622 | E34: 81.88082 | F34: 82.247482 | H34: 0
A35: The Moor | B35: 79.690379 | C35: 80.059384 | D35: 79.165017 | E35: 79.688574 | F35: 78.995788 | H35: -1
A36: Waterside | B36: 80.643706 | C36: 80.603194 | D36: 80.210106 | E36: 80.537337 | F36: 80.227777 | H36: 0
A38: Male Life Expectancy at Age 65
A39: Years | B39: 2017-19 | C39: 2018-20 | D39: 2019-21 | E39: 2020-22 | F39: 2021-23
A40: Northern Ireland | B40: 18.536761 | C40: 18.484435 | D40: 18.365174 | E40: 18.304984 | F40: 18.506212
A41: Derry City & Strabane LGD | B41: 17.917023 | C41: 18.134413 | D41: 17.895306 | E41: 18.096752 | F41: 17.884461 | G41: =H41 -> -1 | H41: -1
A42: Derry City & Strabane LGD Deprived | B42: 15.972851 | C42: 16.07119 | D42: 16.106571 | E42: 15.898263 | F42: 16.04131 | G42: =H42 -> -1 | H42: -1
A43: Derry City & Strabane LGD-NI Gap | B43: 0.61973824 | C43: 0.35002167 | D43: 0.46986766 | E43: 0.20823217 | F43: 0.62175102
A44: Derry City & Strabane LGD Deprivation Gap | B44: 1.9441723 | C44: 2.0632229 | D44: 1.7887351 | E44: 2.1984886 | F44: 1.8431509
A45: Ballyarnett | B45: 17.889282 | C45: 18.246152 | D45: 18.384484 | E45: 18.833346 | F45: 19.218718 | H45: 0
A46: Derg | B46: 18.021526 | C46: 17.597086 | D46: 17.693356 | E46: 18.227943 | F46: 19.061885 | H46: 0
A47: Faughan | B47: 18.752827 | C47: 18.964722 | D47: 18.201876 | E47: 18.615348 | F47: 18.63193 | H47: 0
A48: Foyleside | B48: 18.697593 | C48: 19.293351 | D48: 18.984845 | E48: 18.435009 | F48: 17.939169 | H48: 0
A49: Sperrin | B49: 18.981842 | C49: 18.781637 | D49: 17.632082 | E49: 17.784764 | F49: 18.007381 | H49: 0
A50: The Moor | B50: 15.507668 | C50: 16.370986 | D50: 16.087709 | E50: 15.15702 | F50: 15.100389 | H50: -1
A51: Waterside | B51: 17.630177 | C51: 18.025856 | D51: 18.379914 | E51: 17.984546 | F51: 17.519854 | H51: -1
A53: Female Life Expectancy at Age 65
A54: Years | B54: 2017-19 | C54: 2018-20 | D54: 2019-21 | E54: 2020-22 | F54: 2021-23
A55: Northern Ireland | B55: 20.856044 | C55: 20.749343 | D55: 20.701913 | E55: 20.57369 | F55: 20.746988
A56: Derry City & Strabane LGD | B56: 20.014697 | C56: 20.07989 | D56: 19.96514 | E56: 19.87618 | F56: 19.68923 | G56: =H56 -> -1 | H56: -1
A57: Derry City & Strabane LGD Deprived | B57: 18.738825 | C57: 18.893357 | D57: 18.649069 | E57: 18.376815 | F57: 18.378688 | G57: =H57 -> -1 | H57: -1
A58: Derry City & Strabane LGD-NI Gap | B58: 0.84134654 | C58: 0.66945292 | D58: 0.73677337 | E58: 0.69750907 | F58: 1.0577582
A59: Derry City & Strabane LGD Deprivation Gap | B59: 1.2758725 | C59: 1.1865333 | D59: 1.3160709 | E59: 1.4993654 | F59: 1.3105422
A60: Ballyarnett | B60: 21.540129 | C60: 21.318255 | D60: 21.267454 | E60: 20.460221 | F60: 19.57878 | H60: 0
A61: Derg | B61: 21.206129 | C61: 20.647885 | D61: 20.524403 | E61: 20.181318 | F61: 19.957204 | H61: 0
A62: Faughan | B62: 19.739886 | C62: 20.498353 | D62: 20.295719 | E62: 21.022551 | F62: 20.999928 | H62: 0
A63: Foyleside | B63: 19.812555 | C63: 19.678688 | D63: 19.804438 | E63: 19.998265 | F63: 20.280907 | H63: 0
A64: Sperrin | B64: 20.987346 | C64: 20.953742 | D64: 20.407889 | E64: 20.181076 | F64: 20.250614 | H64: 0
A65: The Moor | B65: 18.89772 | C65: 19.047897 | D65: 18.464253 | E65: 18.746687 | F65: 18.452921 | H65: -1
A66: Waterside | B66: 19.035952 | C66: 19.324742 | D66: 19.674293 | E66: 19.447026 | F66: 19.065977 | H66: -1
A68: Standardised Death Rate - All Deaths
A69: Deaths per 100,000 population | B69: 2017-19 | C69: 2018-20 | D69: 2019-21 | E69: 2020-22 | F69: 2021-23
A70: Northern Ireland | B70: 1004.5825 | C70: 1017.2747 | D70: 1029.771 | E70: 1041.2114 | F70: 1015.538
A71: Derry City & Strabane LGD | B71: 1120.6572 | C71: 1108.4563 | D71: 1133.0335 | E71: 1128.0627 | F71: 1131.5776 | G71: =H71 -> 1 | H71: 1
A72: Derry City & Strabane LGD Deprived | B72: 1450.1214 | C72: 1469.7712 | D72: 1464.8992 | E72: 1465.5459 | F72: 1437.6134 | G72: =H72 -> 1 | H72: 1
A73: Derry City & Strabane LGD-NI Gap | B73: 0.11554525 | C73: 0.089633232 | D73: 0.1002772 | E73: 0.083413763 | F73: 0.11426418
A74: Derry City & Strabane LGD Deprivation Gap | B74: 0.29399186 | C74: 0.32596221 | D74: 0.29290012 | E74: 0.2991706 | F74: 0.27045052
A76: Potential Years of Life Lost
A77: Years lost per 100 persons | B77: 2017-19 | C77: 2018-20 | D77: 2019-21 | E77: 2020-22 | F77: 2021-23
A78: Northern Ireland | B78: 8.4327762 | C78: 8.5044878 | D78: 8.6991847 | E78: 8.7130255 | F78: 8.4902427
A79: Derry City & Strabane LGD | B79: 9.2963056 | C79: 9.0543508 | D79: 9.7389174 | E79: 9.3478528 | F79: 9.6449682 | G79: =H79 -> 1 | H79: 1
A80: Derry City & Strabane LGD Deprived | B80: 14.969295 | C80: 15.033954 | D80: 16.312514 | E80: 16.227829 | F80: 16.318954 | G80: =H80 -> 1 | H80: 1
A81: Derry City & Strabane LGD-NI Gap | B81: 0.10240155 | C81: 0.064655632 | D81: 0.11952071 | E81: 0.072859573 | F81: 0.13600617
A82: Derry City & Strabane LGD Deprivation Gap | B82: 0.61024128 | C82: 0.66041211 | D82: 0.67498225 | E82: 0.7359953 | F82: 0.69196552
A83: Ballyarnett | B83: 11.278791 | C83: 10.733228 | D83: 11.329429 | E83: 9.7222472 | F83: 10.062582 | H83: 0
A84: Derg | B84: 6.4373079 | C84: 6.0082973 | D84: 7.0049951 | E84: 7.6888799 | F84: 7.9163619 | H84: 0
A85: Faughan | B85: 6.7428443 | C85: 7.2105727 | D85: 7.8908302 | E85: 7.0835636 | F85: 6.7206818 | H85: -1
A86: Foyleside | B86: 8.9887718 | C86: 9.5020894 | D86: 10.791832 | E86: 11.170482 | F86: 11.857194 | H86: 1
A87: Sperrin | B87: 8.6189142 | C87: 8.290556 | D87: 7.9631315 | E87: 7.7203589 | F87: 7.6481596 | H87: -1
A88: The Moor | B88: 13.648876 | C88: 12.723423 | D88: 14.369844 | E88: 13.95154 | F88: 14.529037 | H88: 1
A89: Waterside | B89: 9.5050497 | C89: 9.1506083 | D89: 9.5965406 | E89: 9.1547721 | F89: 9.8918648 | H89: 0
A91: Standardised Death Rate - Treatable
A92: Deaths per 100,000 population | B92: 2015-19 | C92: 2016-20 | D92: 2017-21 | E92: 2018-22 | F92: 2019-23
A93: Northern Ireland | B93: 83.317505 | C93: 81.893403 | D93: 80.471145 | E93: 79.5597 | F93: 79.419745
A94: Derry City & Strabane LGD | B94: 90.518833 | C94: 88.34322 | D94: 87.882659 | E94: 85.624754 | F94: 85.810331 | G94: =H94 -> 0 | H94: 0
A95: Derry City & Strabane LGD Deprived | B95: 125.57073 | C95: 120.69816 | D95: 125.05945 | E95: 128.09406 | F95: 130.9286 | G95: =H95 -> 1 | H95: 1
A96: Derry City & Strabane LGD-NI Gap | B96: 0.086432351 | C96: 0.078758686 | D96: 0.092101515 | E96: 0.07623274 | F96: 0.08046596
A97: Derry City & Strabane LGD Deprivation Gap | B97: 0.38723315 | C97: 0.36624138 | D97: 0.42302757 | E97: 0.49599329 | F97: 0.52579068
A98: Ballyarnett | B98: 96.56027 | C98: 91.177166 | D98: 91.706069 | E98: 85.899971 | F98: 81.813558 | H98: 0
A99: Derg | B99: 75.962163 | C99: 73.413485 | D99: 77.562231 | E99: 74.577852 | F99: 66.899813 | H99: 0
A100: Faughan | B100: 73.304872 | C100: 75.915267 | D100: 74.096338 | E100: 64.93181 | F100: 70.619147 | H100: 0
A101: Foyleside | B101: 94.437146 | C101: 95.716004 | D101: 88.790624 | E101: 93.974403 | F101: 99.72011 | H101: 0
A102: Sperrin | B102: 68.424745 | C102: 68.942837 | D102: 72.000624 | E102: 72.1251 | F102: 73.158212 | H102: 0
A103: The Moor | B103: 135.6783 | C103: 119.38634 | D103: 122.65977 | E103: 116.54091 | F103: 124.60243 | H103: 1
A104: Waterside | B104: 96.950367 | C104: 97.200194 | D104: 93.020757 | E104: 94.404875 | F104: 90.10506 | H104: 0
A106: Standardised Death Rate - Preventable
A107: Deaths per 100,000 population | B107: 2015-19 | C107: 2016-20 | D107: 2017-21 | E107: 2018-22 | F107: 2019-23
A108: Northern Ireland | B108: 168.80488 | C108: 172.55081 | D108: 178.3291 | E108: 178.97441 | F108: 177.45494
A109: Derry City & Strabane LGD | B109: 192.12612 | C109: 191.08282 | D109: 198.73017 | E109: 198.6388 | F109: 199.02692 | G109: =H109 -> 1 | H109: 1
...

Sheet Fermanagh & Omagh
A1: FERMANAGH & OMAGH LOCAL GOVERNMENT DISTRICT
H3: RAG Comparison
A4: Key: | B4: Worse than | C4: -1 | D4: Similar to | E4: 0 | F4: Better than | G4: 1
A5: Service-based indicators Key: | B5: Lower than | C5: -1 | D5: Similar to | E5: 0 | F5: Higher than | G5: 1
A6: Note: Area values are compared to Northern Ireland, Area's deprived areas are compared to Area Average
A8: Male Life Expectancy at Birth
A9: Years | B9: 2017-19 | C9: 2018-20 | D9: 2019-21 | E9: 2020-22 | F9: 2021-23
A10: Northern Ireland | B10: 78.818762 | C10: 78.733213 | D10: 78.476598 | E10: 78.425672 | F10: 78.763745
A11: Fermanagh & Omagh LGD | B11: 79.344408 | C11: 79.180131 | D11: 78.959127 | E11: 79.033295 | F11: 79.635419 | G11: =H11 -> 1 | H11: 1
A12: Fermanagh & Omagh LGD Deprived | B12: 77.90158 | C12: 78.036496 | D12: 77.619953 | E12: 76.511523 | F12: 76.558035 | G12: =H12 -> -1 | H12: -1
A13: Fermanagh & Omagh LGD-NI Gap | B13: -0.52564645 | C13: -0.44691803 | D13: -0.48252979 | E13: -0.60762284 | F13: -0.87167452
A14: Fermanagh & Omagh LGD Deprivation Gap | B14: 1.4428289 | C14: 1.1436348 | D14: 1.3391745 | E14: 2.521772 | F14: 3.0773841
A15: Enniskillen | B15: 77.705701 | C15: 78.398961 | D15: 78.434935 | E15: 78.95305 | F15: 80.022791 | H15: 0
A16: Erne East | B16: 79.837919 | C16: 79.587696 | D16: 79.228116 | E16: 77.964551 | F16: 78.347002 | H16: 0
A17: Erne North | B17: 79.967486 | C17: 80.363762 | D17: 78.971701 | E17: 79.119067 | F17: 79.386611 | H17: 0
A18: Erne West | B18: 81.429608 | C18: 80.419346 | D18: 81.036046 | E18: 80.718065 | F18: 82.34795 | H18: 1
A19: Mid Tyrone | B19: 80.333287 | C19: 79.825256 | D19: 79.383444 | E19: 79.79783 | F19: 80.27772 | H19: 0
A20: Omagh | B20: 77.140741 | C20: 77.121515 | D20: 77.137733 | E20: 76.81044 | F20: 76.894197 | H20: -1
A21: West Tyrone | B21: 79.849131 | C21: 79.450364 | D21: 79.085269 | E21: 80.473706 | F21: 80.844673 | H21: 0
A23: Female Life Expectancy at Birth
A24: Years | B24: 2017-19 | C24: 2018-20 | D24: 2019-21 | E24: 2020-22 | F24: 2021-23
A25: Northern Ireland | B25: 82.58255 | C25: 82.425041 | D25: 82.289751 | E25: 82.255854 | F25: 82.485164
A26: Fermanagh & Omagh LGD | B26: 83.256415 | C26: 83.299961 | D26: 82.702917 | E26: 82.783601 | F26: 83.056101 | G26: =H26 -> 0 | H26: 0
A27: Fermanagh & Omagh LGD Deprived | B27: 81.209554 | C27: 80.841768 | D27: 79.948363 | E27: 80.50505 | F27: 81.317367 | G27: =H27 -> 0 | H27: 0
A28: Fermanagh & Omagh LGD-NI Gap | B28: -0.67386503 | C28: -0.87491967 | D28: -0.41316553 | E28: -0.52774683 | F28: -0.57093711
A29: Fermanagh & Omagh LGD Deprivation Gap | B29: 2.0468609 | C29: 2.4581926 | D29: 2.7545534 | E29: 2.278551 | F29: 1.7387341
A30: Enniskillen | B30: 83.542616 | C30: 83.140972 | D30: 82.243483 | E30: 81.838875 | F30: 82.41412 | H30: 0
A31: Erne East | B31: 82.903412 | C31: 84.072415 | D31: 82.843139 | E31: 83.097049 | F31: 82.348256 | H31: 0
A32: Erne North | B32: 83.557574 | C32: 84.427796 | D32: 83.728511 | E32: 82.886307 | F32: 83.849953 | H32: 0
A33: Erne West | B33: 84.382866 | C33: 83.818131 | D33: 82.728731 | E33: 83.093357 | F33: 83.491916 | H33: 0
A34: Mid Tyrone | B34: 83.890823 | C34: 82.629602 | D34: 82.01902 | E34: 83.040108 | F34: 83.067976 | H34: 0
A35: Omagh | B35: 80.97575 | C35: 81.927457 | D35: 82.563476 | E35: 82.365175 | F35: 82.608023 | H35: 0
A36: West Tyrone | B36: 84.552431 | C36: 83.895543 | D36: 82.931433 | E36: 83.373204 | F36: 83.829047 | H36: 0
A38: Male Life Expectancy at Age 65
A39: Years | B39: 2017-19 | C39: 2018-20 | D39: 2019-21 | E39: 2020-22 | F39: 2021-23
A40: Northern Ireland | B40: 18.536761 | C40: 18.484435 | D40: 18.365174 | E40: 18.304984 | F40: 18.506212
A41: Fermanagh & Omagh LGD | B41: 18.821042 | C41: 18.804744 | D41: 18.604377 | E41: 18.839327 | F41: 18.908507 | G41: =H41 -> 0 | H41: 0
A42: Fermanagh & Omagh LGD Deprived | B42: 19.022692 | C42: 18.593893 | D42: 18.335409 | E42: 17.911474 | F42: 18.164877 | G42: =H42 -> 0 | H42: 0
A43: Fermanagh & Omagh LGD-NI Gap | B43: -0.28428102 | C43: -0.32030951 | D43: -0.23920375 | E43: -0.53434355 | F43: -0.40229551
A44: Fermanagh & Omagh LGD Deprivation Gap | B44: -0.20164927 | C44: 0.21085109 | D44: 0.26896819 | E44: 0.92785345 | F44: 0.74362985
A45: Enniskillen | B45: 18.469383 | C45: 18.77548 | D45: 18.830669 | E45: 18.584341 | F45: 19.031073 | H45: 0
A46: Erne East | B46: 18.88139 | C46: 18.487255 | D46: 18.092856 | E46: 18.06411 | F46: 18.360605 | H46: 0
A47: Erne North | B47: 19.411511 | C47: 20.249837 | D47: 19.647604 | E47: 19.603077 | F47: 18.923399 | H47: 0
A48: Erne West | B48: 19.460312 | C48: 19.411029 | D48: 19.747858 | E48: 20.067277 | F48: 20.27493 | H48: 1
A49: Mid Tyrone | B49: 18.78829 | C49: 18.056032 | D49: 17.7296 | E49: 18.694026 | F49: 19.298758 | H49: 0
A50: Omagh | B50: 17.493443 | C50: 17.590813 | D50: 17.381512 | E50: 17.384062 | F50: 17.680367 | H50: 0
A51: West Tyrone | B51: 19.840592 | C51: 19.784697 | D51: 19.224266 | E51: 19.600899 | F51: 19.240721 | H51: 0
A53: Female Life Expectancy at Age 65
A54: Years | B54: 2017-19 | C54: 2018-20 | D54: 2019-21 | E54: 2020-22 | F54: 2021-23
A55: Northern Ireland | B55: 20.856044 | C55: 20.749343 | D55: 20.701913 | E55: 20.57369 | F55: 20.746988
A56: Fermanagh & Omagh LGD | B56: 21.137301 | C56: 21.273374 | D56: 21.074684 | E56: 21.036733 | F56: 21.393786 | G56: =H56 -> 1 | H56: 1
A57: Fermanagh & Omagh LGD Deprived | B57: 20.212832 | C57: 19.843562 | D57: 19.367749 | E57: 19.383206 | F57: 20.488964 | G57: =H57 -> 0 | H57: 0
A58: Fermanagh & Omagh LGD-NI Gap | B58: -0.28125757 | C58: -0.52403026 | D58: -0.37277028 | E58: -0.46304298 | F58: -0.64679751
A59: Fermanagh & Omagh LGD Deprivation Gap | B59: 0.92446893 | C59: 1.4298115 | D59: 1.7069342 | E59: 1.6535266 | F59: 0.9048217
A60: Enniskillen | B60: 21.761907 | C60: 21.762181 | D60: 21.471348 | E60: 21.091324 | F60: 21.175307 | H60: 0
A61: Erne East | B61: 20.720944 | C61: 21.005218 | D61: 20.916828 | E61: 21.118255 | F61: 21.529496 | H61: 0
A62: Erne North | B62: 21.90016 | C62: 21.992416 | D62: 21.72168 | E62: 20.851005 | F62: 21.671686 | H62: 0
A63: Erne West | B63: 21.516469 | C63: 21.738601 | D63: 21.088338 | E63: 21.551294 | F63: 21.710255 | H63: 0
A64: Mid Tyrone | B64: 21.63966 | C64: 21.322952 | D64: 20.455096 | E64: 21.374886 | F64: 21.111128 | H64: 0
A65: Omagh | B65: 19.577914 | C65: 20.480025 | D65: 21.121571 | E65: 20.81374 | F65: 21.264854 | H65: 0
A66: West Tyrone | B66: 21.700642 | C66: 21.086059 | D66: 20.700855 | E66: 20.514343 | F66: 21.444764 | H66: 0
A68: Standardised Death Rate - All Deaths
A69: Deaths per 100,000 population | B69: 2017-19 | C69: 2018-20 | D69: 2019-21 | E69: 2020-22 | F69: 2021-23
A70: Northern Ireland | B70: 1004.5825 | C70: 1017.2747 | D70: 1029.771 | E70: 1041.2114 | F70: 1015.538
A71: Fermanagh & Omagh LGD | B71: 963.93614 | C71: 965.95851 | D71: 995.84755 | E71: 995.00134 | F71: 962.49101 | G71: =H71 -> -1 | H71: -1
A72: Fermanagh & Omagh LGD Deprived | B72: 1077.5616 | C72: 1114.2249 | D72: 1150.7691 | E72: 1190.6086 | F72: 1116.6932 | G72: =H72 -> 1 | H72: 1
A73: Fermanagh & Omagh LGD-NI Gap | B73: -0.040460957 | C73: -0.050444792 | D73: -0.032942715 | E73: -0.04438103 | F73: -0.052235358
A74: Fermanagh & Omagh LGD Deprivation Gap | B74: 0.11787655 | C74: 0.15349148 | D74: 0.15556757 | E74: 0.19658998 | F74: 0.16021153
A76: Potential Years of Life Lost
A77: Years lost per 100 persons | B77: 2017-19 | C77: 2018-20 | D77: 2019-21 | E77: 2020-22 | F77: 2021-23
A78: Northern Ireland | B78: 8.4327762 | C78: 8.5044878 | D78: 8.6991847 | E78: 8.7130255 | F78: 8.4902427
A79: Fermanagh & Omagh LGD | B79: 7.646625 | C79: 7.914466 | D79: 8.2690568 | E79: 8.2873047 | F79: 7.8469337 | G79: =H79 -> 0 | H79: 0
A80: Fermanagh & Omagh LGD Deprived | B80: 10.072898 | C80: 9.9849781 | D80: 10.71325 | E80: 10.961619 | F80: 10.70328 | G80: =H80 -> 1 | H80: 1
A81: Fermanagh & Omagh LGD-NI Gap | B81: -0.093225669 | C81: -0.069377695 | D81: -0.049444618 | E81: -0.048860275 | F81: -0.075770388
A82: Fermanagh & Omagh LGD Deprivation Gap | B82: 0.31729988 | C82: 0.26161109 | D82: 0.29558301 | E82: 0.32270012 | F82: 0.36400794
A83: Enniskillen | B83: 8.5140358 | C83: 8.521018 | D83: 9.0227694 | E83: 8.8255822 | F83: 8.0393377 | H83: 0
A84: Erne East | B84: 7.7064229 | C84: 6.9329419 | D84: 7.4276834 | E84: 8.3331188 | F84: 9.0075661 | H84: 0
A85: Erne North | B85: 8.0281514 | C85: 7.6950125 | D85: 8.3691966 | E85: 8.4694755 | F85: 7.5353183 | H85: 0
A86: Erne West | B86: 5.5980129 | C86: 7.1696141 | D86: 7.2685883 | E86: 7.7151923 | F86: 6.1561147 | H86: 0
A87: Mid Tyrone | B87: 6.8901502 | C87: 7.4407512 | D87: 7.8952891 | E87: 7.3869113 | F87: 7.6165464 | H87: 0
A88: Omagh | B88: 9.6307406 | C88: 9.6277125 | D88: 9.6200942 | E88: 10.017302 | F88: 9.6762844 | H88: 0
A89: West Tyrone | B89: 6.8989283 | C89: 7.7777093 | D89: 8.1776122 | E89: 7.1359328 | F89: 6.7421898 | H89: 0
A91: Standardised Death Rate - Treatable
A92: Deaths per 100,000 population | B92: 2015-19 | C92: 2016-20 | D92: 2017-21 | E92: 2018-22 | F92: 2019-23
A93: Northern Ireland | B93: 83.317505 | C93: 81.893403 | D93: 80.471145 | E93: 79.5597 | F93: 79.419745
A94: Fermanagh & Omagh LGD | B94: 76.01988 | C94: 76.596687 | D94: 73.131902 | E94: 72.840249 | F94: 73.324802 | G94: =H94 -> 0 | H94: 0
A95: Fermanagh & Omagh LGD Deprived | B95: 91.93655 | C95: 100.51564 | D95: 90.40509 | E95: 85.862579 | F95: 92.349837 | G95: =H95 -> 0 | H95: 0
A96: Fermanagh & Omagh LGD-NI Gap | B96: -0.087588135 | C96: -0.064678176 | D96: -0.091203411 | E96: -0.084457983 | F96: -0.076743423
A97: Fermanagh & Omagh LGD Deprivation Gap | B97: 0.2093751 | C97: 0.31227139 | D97: 0.23619224 | E97: 0.17877932 | F97: 0.25946248
A98: Enniskillen | B98: 77.720036 | C98: 74.544468 | D98: 72.814128 | E98: 75.994532 | F98: 79.665056 | H98: 0
A99: Erne East | B99: 85.70031 | C99: 85.468725 | D99: 73.84707 | E99: 70.387209 | F99: 69.466464 | H99: 0
A100: Erne North | B100: 90.80827 | C100: 92.558472 | D100: 86.794576 | E100: 75.467237 | F100: 70.148978 | H100: 0
A101: Erne West | B101: 76.907114 | C101: 76.200779 | D101: 61.922853 | E101: 65.052569 | F101: 64.509879 | H101: 0
A102: Mid Tyrone | B102: 69.193591 | C102: 68.466422 | D102: 76.055337 | E102: 70.138008 | F102: 71.61708 | H102: 0
A103: Omagh | B103: 81.632779 | C103: 85.441109 | D103: 85.008162 | E103: 86.79369 | F103: 87.844408 | H103: 0
A104: West Tyrone | B104: 51.535249 | C104: 54.798685 | D104: 54.321505 | E104: 64.047269 | F104: 66.76602 | H104: 0
A106: Standardised Death Rate - Preventable
A107: Deaths per 100,000 population | B107: 2015-19 | C107: 2016-20 | D107: 2017-21 | E107: 2018-22 | F107: 2019-23
A108: Northern Ireland | B108: 168.80488 | C108: 172.55081 | D108: 178.3291 | E108: 178.97441 | F108: 177.45494
A109: Fermanagh & Omagh LGD | B109: 162.84119 | C109: 163.36211 | D109: 167.22151 | E109: 169.84485 | F109: 171.00367 | G109: =H109 -> 0 | H109: 0
...

Sheet Lisburn & Castlereagh
A1: LISBURN & CASTLEREAGH LOCAL GOVERNMENT DISTRICT
H3: RAG Comparison
A4: Key: | B4: Worse than | C4: -1 | D4: Similar to | E4: 0 | F4: Better than | G4: 1
A5: Service-based indicators Key: | B5: Lower than | C5: -1 | D5: Similar to | E5: 0 | F5: Higher than | G5: 1
A6: Note: Area values are compared to Northern Ireland, Area's deprived areas are compared to Area Average
A8: Male Life Expectancy at Birth
A9: Years | B9: 2017-19 | C9: 2018-20 | D9: 2019-21 | E9: 2020-22 | F9: 2021-23
A10: Northern Ireland | B10: 78.818762 | C10: 78.733213 | D10: 78.476598 | E10: 78.425672 | F10: 78.763745
A11: Lisburn & Castlereagh LGD | B11: 80.215207 | C11: 80.374387 | D11: 80.349529 | E11: 80.434956 | F11: 80.876746 | G11: =H11 -> 1 | H11: 1
A12: Lisburn & Castlereagh LGD Deprived | B12: 76.300695 | C12: 77.391385 | D12: 77.238087 | E12: 77.201199 | F12: 77.270388 | G12: =H12 -> -1 | H12: -1
A13: Lisburn & Castlereagh LGD-NI Gap | B13: -1.396445 | C13: -1.6411738 | D13: -1.8729311 | E13: -2.0092843 | F13: -2.1130015
A14: Lisburn & Castlereagh LGD Deprivation Gap | B14: 3.9145124 | C14: 2.9830016 | D14: 3.1114418 | E14: 3.2337575 | F14: 3.6063582
A15: Castlereagh East | B15: 80.397947 | C15: 80.291867 | D15: 80.41346 | E15: 80.400228 | F15: 81.166441 | H15: 0
A16: Castlereagh South | B16: 82.248927 | C16: 82.002424 | D16: 82.105108 | E16: 81.233337 | F16: 82.054426 | H16: 0
A17: Downshire East | B17: 82.50343 | C17: 83.53117 | D17: 82.456026 | E17: 82.65235 | F17: 82.547325 | H17: 0
A18: Downshire West | B18: 81.597699 | C18: 82.097037 | D18: 81.158955 | E18: 81.292071 | F18: 80.591128 | H18: 0
A19: Killultagh | B19: 80.290052 | C19: 80.52909 | D19: 81.580527 | E19: 82.456595 | F19: 82.949183 | H19: 1
A20: Lisburn North | B20: 78.139248 | C20: 77.940015 | D20: 78.736602 | E20: 78.730721 | F20: 79.819809 | H20: 0
A21: Lisburn South | B21: 77.942644 | C21: 78.323057 | D21: 77.737539 | E21: 77.900629 | F21: 78.426239 | H21: -1
A23: Female Life Expectancy at Birth
A24: Years | B24: 2017-19 | C24: 2018-20 | D24: 2019-21 | E24: 2020-22 | F24: 2021-23
A25: Northern Ireland | B25: 82.58255 | C25: 82.425041 | D25: 82.289751 | E25: 82.255854 | F25: 82.485164
A26: Lisburn & Castlereagh LGD | B26: 83.536307 | C26: 83.327753 | D26: 83.266032 | E26: 83.076051 | F26: 83.334256 | G26: =H26 -> 1 | H26: 1
A27: Lisburn & Castlereagh LGD Deprived | B27: 81.936462 | C27: 80.985366 | D27: 80.426406 | E27: 78.918317 | F27: 79.741221 | G27: =H27 -> -1 | H27: -1
A28: Lisburn & Castlereagh LGD-NI Gap | B28: -0.95375643 | C28: -0.90271186 | D28: -0.97628102 | E28: -0.8201973 | F28: -0.8490928
A29: Lisburn & Castlereagh LGD Deprivation Gap | B29: 1.5998449 | C29: 2.3423867 | D29: 2.8396262 | E29: 4.1577345 | F29: 3.5930352
A30: Castlereagh East | B30: 82.939045 | C30: 83.674792 | D30: 82.973414 | E30: 81.604851 | F30: 82.00617 | H30: 0
A31: Castlereagh South | B31: 84.694561 | C31: 84.658164 | D31: 84.688795 | E31: 85.550567 | F31: 86.173199 | H31: 1
A32: Downshire East | B32: 88.043046 | C32: 86.716747 | D32: 86.183778 | E32: 85.735558 | F32: 85.835939 | H32: 1
A33: Downshire West | B33: 83.411081 | C33: 84.162861 | D33: 84.536997 | E33: 84.862715 | F33: 84.395065 | H33: 0
A34: Killultagh | B34: 84.644149 | C34: 84.631096 | D34: 84.099362 | E34: 84.730172 | F34: 84.885365 | H34: 0
A35: Lisburn North | B35: 82.206349 | C35: 81.649186 | D35: 81.742461 | E35: 81.46901 | F35: 81.740246 | H35: 0
A36: Lisburn South | B36: 82.547062 | C36: 81.366344 | D36: 81.412888 | E36: 80.844023 | F36: 81.477281 | H36: -1
A38: Male Life Expectancy at Age 65
A39: Years | B39: 2017-19 | C39: 2018-20 | D39: 2019-21 | E39: 2020-22 | F39: 2021-23
A40: Northern Ireland | B40: 18.536761 | C40: 18.484435 | D40: 18.365174 | E40: 18.304984 | F40: 18.506212
A41: Lisburn & Castlereagh LGD | B41: 19.128959 | C41: 19.263044 | D41: 19.180988 | E41: 19.388077 | F41: 19.404254 | G41: =H41 -> 1 | H41: 1
A42: Lisburn & Castlereagh LGD Deprived | B42: 17.531043 | C42: 17.674421 | D42: 17.654995 | E42: 17.432724 | F42: 18.347877 | G42: =H42 -> 0 | H42: 0
A43: Lisburn & Castlereagh LGD-NI Gap | B43: -0.59219801 | C43: -0.77860887 | D43: -0.81581463 | E43: -1.0830933 | F43: -0.8980428
A44: Lisburn & Castlereagh LGD Deprivation Gap | B44: 1.5979168 | C44: 1.5886231 | D44: 1.5259933 | E44: 1.9553528 | F44: 1.056377
A45: Castlereagh East | B45: 19.687519 | C45: 19.236841 | D45: 19.008912 | E45: 18.846313 | F45: 19.650757 | H45: 1
A46: Castlereagh South | B46: 20.177834 | C46: 20.366489 | D46: 20.111722 | E46: 19.616611 | F46: 19.805728 | H46: 1
A47: Downshire East | B47: 20.044485 | C47: 20.966547 | D47: 20.585084 | E47: 20.256069 | F47: 20.294187 | H47: 1
A48: Downshire West | B48: 19.845185 | C48: 19.883575 | D48: 19.361171 | E48: 19.228237 | F48: 19.482166 | H48: 0
A49: Killultagh | B49: 19.368194 | C49: 19.8643 | D49: 20.341741 | E49: 19.837715 | F49: 20.199163 | H49: 1
A50: Lisburn North | B50: 17.697278 | C50: 17.874973 | D50: 18.332632 | E50: 18.583905 | F50: 19.054493 | H50: 0
A51: Lisburn South | B51: 18.459866 | C51: 18.090258 | D51: 17.968881 | E51: 17.653586 | F51: 18.674805 | H51: 0
A53: Female Life Expectancy at Age 65
A54: Years | B54: 2017-19 | C54: 2018-20 | D54: 2019-21 | E54: 2020-22 | F54: 2021-23
A55: Northern Ireland | B55: 20.856044 | C55: 20.749343 | D55: 20.701913 | E55: 20.57369 | F55: 20.746988
A56: Lisburn & Castlereagh LGD | B56: 21.474677 | C56: 21.194644 | D56: 21.034827 | E56: 20.973696 | F56: 21.190993 | G56: =H56 -> 0 | H56: 0
A57: Lisburn & Castlereagh LGD Deprived | B57: 20.146892 | C57: 19.945185 | D57: 19.357848 | E57: 19.13209 | F57: 19.392393 | G57: =H57 -> -1 | H57: -1
A58: Lisburn & Castlereagh LGD-NI Gap | B58: -0.61863343 | C58: -0.445301 | D58: -0.33291387 | E58: -0.40000669 | F58: -0.44400504
A59: Lisburn & Castlereagh LGD Deprivation Gap | B59: 1.3277851 | C59: 1.2494592 | D59: 1.6769795 | E59: 1.8416064 | F59: 1.7986003
A60: Castlereagh East | B60: 20.913105 | C60: 21.050363 | D60: 20.286184 | E60: 19.711137 | F60: 20.221182 | H60: 0
A61: Castlereagh South | B61: 22.72521 | C61: 22.368321 | D61: 22.400597 | E61: 22.807019 | F61: 23.574399 | H61: 1
A62: Downshire East | B62: 25.754505 | C62: 24.383945 | D62: 23.86763 | E62: 23.709851 | F62: 23.620191 | H62: 1
A63: Downshire West | B63: 21.308662 | C63: 21.444553 | D63: 21.994844 | E63: 22.077393 | F63: 22.13545 | H63: 1
A64: Killultagh | B64: 22.242438 | C64: 22.359279 | D64: 21.236427 | E64: 21.954038 | F64: 21.745355 | H64: 0
A65: Lisburn North | B65: 20.116111 | C65: 19.677024 | D65: 19.462721 | E65: 19.211415 | F65: 19.265319 | H65: -1
A66: Lisburn South | B66: 20.669783 | C66: 20.133344 | D66: 20.328524 | E66: 20.25894 | F66: 20.429886 | H66: 0
A68: Standardised Death Rate - All Deaths
A69: Deaths per 100,000 population | B69: 2017-19 | C69: 2018-20 | D69: 2019-21 | E69: 2020-22 | F69: 2021-23
A70: Northern Ireland | B70: 1004.5825 | C70: 1017.2747 | D70: 1029.771 | E70: 1041.2114 | F70: 1015.538
A71: Lisburn & Castlereagh LGD | B71: 928.20806 | C71: 930.93346 | D71: 939.46661 | E71: 951.91592 | F71: 911.1775 | G71: =H71 -> -1 | H71: -1
A72: Lisburn & Castlereagh LGD Deprived | B72: 1103.9293 | C72: 1103.9478 | D72: 1156.8777 | E72: 1192.2336 | F72: 1118.8163 | G72: =H72 -> 1 | H72: 1
A73: Lisburn & Castlereagh LGD-NI Gap | B73: -0.076026063 | C73: -0.084875065 | D73: -0.087693662 | E73: -0.085761116 | F73: -0.10276376
A74: Lisburn & Castlereagh LGD Deprivation Gap | B74: 0.18931233 | C74: 0.18585036 | D74: 0.23141966 | E74: 0.25245687 | F74: 0.22787967
A76: Potential Years of Life Lost
A77: Years lost per 100 persons | B77: 2017-19 | C77: 2018-20 | D77: 2019-21 | E77: 2020-22 | F77: 2021-23
A78: Northern Ireland | B78: 8.4327762 | C78: 8.5044878 | D78: 8.6991847 | E78: 8.7130255 | F78: 8.4902427
A79: Lisburn & Castlereagh LGD | B79: 7.1037624 | C79: 7.027504 | D79: 6.9493897 | E79: 6.9729326 | F79: 6.8093622 | G79: =H79 -> -1 | H79: -1
A80: Lisburn & Castlereagh LGD Deprived | B80: 10.336258 | C80: 10.118203 | D80: 10.557327 | E80: 12.000085 | F80: 11.863172 | G80: =H80 -> 1 | H80: 1
A81: Lisburn & Castlereagh LGD-NI Gap | B81: -0.15760098 | C81: -0.17367111 | D81: -0.20114471 | E81: -0.19971168 | F81: -0.19797791
A82: Lisburn & Castlereagh LGD Deprivation Gap | B82: 0.45503999 | C82: 0.43980033 | D82: 0.51917323 | E82: 0.72095241 | F82: 0.74218547
A83: Castlereagh East | B83: 7.7060515 | C83: 6.8339837 | D83: 6.9645611 | E83: 7.782596 | F83: 7.7282374 | H83: 0
A84: Castlereagh South | B84: 5.7706736 | C84: 6.24033 | D84: 6.214991 | E84: 6.3024518 | F84: 5.7293142 | H84: 0
A85: Downshire East | B85: 4.8692483 | C85: 4.5124755 | D85: 5.2357404 | E85: 5.3988873 | F85: 5.4079631 | H85: 0
A86: Downshire West | B86: 6.232578 | C86: 5.5618025 | D86: 5.7920612 | E86: 5.4367074 | F86: 6.3669122 | H86: 0
A87: Killultagh | B87: 7.4198811 | C87: 7.2680768 | D87: 6.5757075 | E87: 5.88729 | F87: 5.8711923 | H87: 0
A88: Lisburn North | B88: 8.0313445 | C88: 8.6516515 | D88: 7.7527848 | E88: 7.9505313 | F88: 7.2191023 | H88: 0
A89: Lisburn South | B89: 9.3434625 | C89: 9.392764 | D89: 9.8697771 | E89: 9.9475037 | F89: 9.648212 | H89: 1
A91: Standardised Death Rate - Treatable
A92: Deaths per 100,000 population | B92: 2015-19 | C92: 2016-20 | D92: 2017-21 | E92: 2019-22 | F92: 2019-23
A93: Northern Ireland | B93: 83.317505 | C93: 81.893403 | D93: 80.471145 | E93: 79.5597 | F93: 79.419745
A94: Lisburn & Castlereagh LGD | B94: 70.654984 | C94: 70.484606 | D94: 70.233245 | E94: 73.754305 | F94: 70.339715 | G94: =H94 -> -1 | H94: -1
A95: Lisburn & Castlereagh LGD Deprived | B95: 86.938979 | C95: 87.896424 | D95: 90.375099 | E95: 104.03767 | F95: 108.81281 | G95: =H95 -> 1 | H95: 1
A96: Lisburn & Castlereagh LGD-NI Gap | B96: -0.15197912 | C96: -0.13931277 | D96: -0.12722449 | E96: -0.072969051 | F96: -0.11432963
A97: Lisburn & Castlereagh LGD Deprivation Gap | B97: 0.230472 | C97: 0.24703008 | D97: 0.28678519 | E97: 0.41059799 | F97: 0.54696117
A98: Castlereagh East | B98: 76.372399 | C98: 78.754225 | D98: 80.537091 | E98: 84.088594 | F98: 81.766297 | H98: 0
A99: Castlereagh South | B99: 52.840975 | C99: 56.641222 | D99: 54.492246 | E99: 61.974542 | F99: 60.408305 | H99: 0
A100: Downshire East | B100: 60.620793 | C100: 59.085516 | D100: 56.250023 | E100: 56.699744 | F100: 54.310161 | H100: 0
A101: Downshire West | B101: 69.461608 | C101: 61.276059 | D101: 59.715656 | E101: 61.907516 | F101: 58.054095 | H101: 0
A102: Killultagh | B102: 76.896058 | C102: 67.738098 | D102: 78.349898 | E102: 79.281054 | F102: 69.40379 | H102: 0
A103: Lisburn North | B103: 77.371434 | C103: 88.200449 | D103: 80.902809 | E103: 86.424714 | F103: 82.16251 | H103: 0
A104: Lisburn South | B104: 81.228023 | C104: 77.639668 | D104: 82.079845 | E104: 85.409475 | F104: 85.98137 | H104: 0
A106: Standardised Death Rate - Preventable
A107: Deaths per 100,000 population | B107: 2015-19 | C107: 2016-20 | D107: 2017-21 | E107: 2018-22 | F107: 2019-23
A108: Northern Ireland | B108: 168.80488 | C108: 172.55081 | D108: 178.3291 | E108: 178.97441 | F108: 177.45494
A109: Lisburn & Castlereagh LGD | B109: 136.32709 | C109: 136.22488 | D109: 138.95685 | E109: 142.58019 | F109: 140.42275 | G109: =H109 -> -1 | H109: -1
...

Sheet Mid & East Antrim
A1: MID & EAST ANTRIM LOCAL GOVERNMENT DISTRICT
H3: RAG Comparison
A4: Key: | B4: Worse than | C4: -1 | D4: Similar to | E4: 0 | F4: Better than | G4: 1
A5: Service-based indicators Key: | B5: Lower than | C5: -1 | D5: Similar to | E5: 0 | F5: Higher than | G5: 1
B6: Note: Area values are compared to Northern Ireland, Area's deprived areas are compared to Area Average
A8: Male Life Expectancy at Birth
A9: Years | B9: 2017-19 | C9: 2018-20 | D9: 2019-21 | E9: 2020-22 | F9: 2021-23
A10: Northern Ireland | B10: 78.818762 | C10: 78.733213 | D10: 78.476598 | E10: 78.425672 | F10: 78.763745
A11: Mid & East Antrim LGD | B11: 79.168151 | C11: 79.080438 | D11: 78.570476 | E11: 78.329887 | F11: 78.491337 | G11: =H11 -> 0 | H11: 0
A12: Mid & East Antrim LGD Deprived | B12: 74.766172 | C12: 74.029532 | D12: 72.895747 | E12: 71.742516 | F12: 72.117705 | G12: =H12 -> -1 | H12: -1
A13: Mid & East Antrim LGD-NI Gap | B13: -0.34938892 | C13: -0.34722489 | D13: -0.093878357 | E13: 0.095785038 | F13: 0.27240739
A14: Mid & East Antrim LGD Deprivation Gap | B14: 4.4019794 | C14: 5.0509061 | D14: 5.674729 | E14: 6.5873711 | F14: 6.3736328
A15: Ballymena | B15: 76.390177 | C15: 76.750845 | D15: 76.677543 | E15: 76.489899 | F15: 76.891981 | H15: 0
A16: Bannside | B16: 81.919065 | C16: 81.506602 | D16: 80.70931 | E16: 80.123783 | F16: 81.098439 | H16: 1
A17: Braid | B17: 80.638028 | C17: 79.879961 | D17: 78.911296 | E17: 78.701892 | F17: 78.811343 | H17: 0
A18: Carrick Castle | B18: 77.639024 | C18: 77.566262 | D18: 76.965495 | E18: 77.146109 | F18: 77.284631 | H18: 0
A19: Coast Road | B19: 79.364511 | C19: 79.617877 | D19: 78.246164 | E19: 77.349627 | F19: 77.598113 | H19: 0
A20: Knockagh | B20: 80.289212 | C20: 81.093481 | D20: 80.662928 | E20: 81.773452 | F20: 81.025491 | H20: 1
A21: Larne Lough | B21: 79.209536 | C21: 78.705276 | D21: 79.168602 | E21: 78.413764 | F21: 77.994773 | H21: 0
A23: Female Life Expectancy at Birth
A24: Years | B24: 2017-19 | C24: 2018-20 | D24: 2019-21 | E24: 2020-22 | F24: 2021-23
A25: Northern Ireland | B25: 82.58255 | C25: 82.425041 | D25: 82.289751 | E25: 82.255854 | F25: 82.485164
A26: Mid & East Antrim LGD | B26: 82.753435 | C26: 82.375925 | D26: 82.354807 | E26: 82.45969 | F26: 82.876212 | G26: =H26 -> 0 | H26: 0
A27: Mid & East Antrim LGD Deprived | B27: 79.201418 | C27: 78.52278 | D27: 78.466727 | E27: 78.727816 | F27: 79.396798 | G27: =H27 -> -1 | H27: -1
A28: Mid & East Antrim LGD-NI Gap | B28: -0.17088428 | C28: 0.049115769 | D28: -0.065055901 | E28: -0.20383568 | F28: -0.39104809
A29: Mid & East Antrim LGD Deprivation Gap | B29: 3.552017 | C29: 3.853145 | D29: 3.8880796 | E29: 3.7318737 | F29: 3.4794133
A30: Ballymena | B30: 80.871309 | C30: 79.593833 | D30: 80.352544 | E30: 80.290818 | F30: 81.788991 | H30: 0
A31: Bannside | B31: 86.299794 | C31: 85.893225 | D31: 83.64337 | E31: 83.589798 | F31: 83.748007 | H31: 0
A32: Braid | B32: 83.795337 | C32: 83.370526 | D32: 83.21922 | E32: 82.874959 | F32: 83.251787 | H32: 0
A33: Carrick Castle | B33: 80.870465 | C33: 80.99742 | D33: 81.064803 | E33: 81.144189 | F33: 81.221633 | H33: 0
A34: Coast Road | B34: 82.883779 | C34: 83.525801 | D34: 83.813115 | E34: 83.73454 | F34: 83.390322 | H34: 0
A35: Knockagh | B35: 84.238183 | C35: 83.416074 | D35: 83.134036 | E35: 84.169163 | F35: 84.732584 | H35: 0
A36: Larne Lough | B36: 82.278906 | C36: 82.358921 | D36: 82.710493 | E36: 83.548993 | F36: 83.719933 | H36: 0
A38: Male Life Expectancy at Age 65
A39: Years | B39: 2017-19 | C39: 2018-20 | D39: 2019-21 | E39: 2020-22 | F39: 2021-23
A40: Northern Ireland | B40: 18.536761 | C40: 18.484435 | D40: 18.365174 | E40: 18.304984 | F40: 18.506212
A41: Mid & East Antrim LGD | B41: 18.592312 | C41: 18.486186 | D41: 18.261377 | E41: 18.429189 | F41: 18.461656 | G41: =H41 -> 0 | H41: 0
A42: Mid & East Antrim LGD Deprived | B42: 16.287412 | C42: 15.899939 | D42: 15.365123 | E42: 15.224327 | F42: 15.911508 | G42: =H42 -> -1 | H42: -1
A43: Mid & East Antrim LGD-NI Gap | B43: -0.055550271 | C43: -0.0017514403 | D43: 0.10379626 | E43: -0.12420492 | F43: 0.044555281
A44: Mid & East Antrim LGD Deprivation Gap | B44: 2.3048998 | C44: 2.5862478 | D44: 2.8962545 | E44: 3.2048615 | F44: 2.5501487
A45: Ballymena | B45: 17.942487 | C45: 17.995446 | D45: 17.800809 | E45: 17.801101 | F45: 18.19851 | H45: 0
A46: Bannside | B46: 19.85184 | C46: 19.676188 | D46: 19.318139 | E46: 19.169588 | F46: 19.780417 | H46: 1
A47: Braid | B47: 18.87735 | C47: 18.35487 | D47: 18.031378 | E47: 17.944913 | F47: 18.039077 | H47: 0
A48: Carrick Castle | B48: 17.788685 | C48: 17.382999 | D48: 17.339416 | E48: 17.382153 | F48: 17.501109 | H48: 0
A49: Coast Road | B49: 18.936089 | C49: 19.223525 | D49: 18.929518 | E49: 18.935619 | F49: 18.778752 | H49: 0
A50: Knockagh | B50: 19.491779 | C50: 19.785845 | D50: 19.095479 | E50: 20.10431 | F50: 19.951411 | H50: 1
A51: Larne Lough | B51: 17.985747 | C51: 17.931612 | D51: 18.225818 | E51: 18.229371 | F51: 17.9684 | H51: 0
A53: Female Life Expectancy at Age 65
A54: Years | B54: 2017-19 | C54: 2018-20 | D54: 2019-21 | E54: 2020-22 | F54: 2021-23
A55: Northern Ireland | B55: 20.856044 | C55: 20.749343 | D55: 20.701913 | E55: 20.57369 | F55: 20.746988
A56: Mid & East Antrim LGD | B56: 20.947686 | C56: 20.701185 | D56: 20.815653 | E56: 20.734744 | F56: 21.049824 | G56: =H56 -> 0 | H56: 0
A57: Mid & East Antrim LGD Deprived | B57: 19.063332 | C57: 18.652549 | D57: 19.041387 | E57: 18.950779 | F57: 19.3708 | G57: =H57 -> -1 | H57: -1
A58: Mid & East Antrim LGD-NI Gap | B58: -0.091641942 | C58: 0.048158038 | D58: -0.1137402 | E58: -0.16105489 | F58: -0.30283566
A59: Mid & East Antrim LGD Deprivation Gap | B59: 1.8843532 | C59: 2.0486365 | D59: 1.7742661 | E59: 1.7839656 | F59: 1.6790241
A60: Ballymena | B60: 20.088631 | C60: 19.708469 | D60: 20.049013 | E60: 19.881214 | F60: 20.544814 | H60: 0
A61: Bannside | B61: 24.138994 | C61: 24.293782 | D61: 22.596661 | E61: 22.135799 | F61: 22.043907 | H61: 1
A62: Braid | B62: 21.210543 | C62: 20.547433 | D62: 20.377771 | E62: 20.182498 | F62: 21.18549 | H62: 0
A63: Carrick Castle | B63: 20.060833 | C63: 19.351268 | D63: 19.646487 | E63: 19.482231 | F63: 19.309801 | H63: -1
A64: Coast Road | B64: 21.904799 | C64: 21.91395 | D64: 22.137131 | E64: 22.342101 | F64: 22.073129 | H64: 1
A65: Knockagh | B65: 21.594847 | C65: 21.352813 | D65: 21.501317 | E65: 22.228058 | F65: 22.434111 | H65: 1
A66: Larne Lough | B66: 19.563598 | C66: 20.023745 | D66: 20.778396 | E66: 20.853534 | F66: 21.16387 | H66: 0
A68: Standardised Death Rate - All Deaths
A69: Deaths per 100,000 population | B69: 2017-19 | C69: 2018-20 | D69: 2019-21 | E69: 2020-22 | F69: 2021-23
A70: Northern Ireland | B70: 1004.5825 | C70: 1017.2747 | D70: 1029.771 | E70: 1041.2114 | F70: 1015.538
A71: Mid & East Antrim LGD | B71: 994.80922 | C71: 1017.7192 | D71: 1027.4856 | E71: 1036.8968 | F71: 1009.8701 | G71: =H71 -> 0 | H71: 0
A72: Mid & East Antrim LGD Deprived | B72: 1316.7085 | C72: 1394.3109 | D72: 1409.9649 | E72: 1478.016 | F72: 1405.593 | G72: =H72 -> 1 | H72: 1
A73: Mid & East Antrim LGD-NI Gap | B73: -0.0097287073 | C73: 0.00043697455 | D73: -0.0022193287 | E73: -0.0041437637 | F73: -0.0055811604
A74: Mid & East Antrim LGD Deprivation Gap | B74: 0.32357888 | C74: 0.37003491 | D74: 0.37224786 | E74: 0.42542247 | F74: 0.3918552
A76: Potential Years of Life Lost
A77: Years lost per 100 persons | B77: 2017-19 | C77: 2018-20 | D77: 2019-21 | E77: 2020-22 | F77: 2021-23
A78: Northern Ireland | B78: 8.4327762 | C78: 8.5044878 | D78: 8.6991847 | E78: 8.7130255 | F78: 8.4902427
A79: Mid & East Antrim LGD | B79: 8.1009917 | C79: 8.223721 | D79: 8.5231885 | E79: 8.421859 | F79: 8.2043256 | G79: =H79 -> 0 | H79: 0
A80: Mid & East Antrim LGD Deprived | B80: 12.751497 | C80: 13.476413 | D80: 14.32685 | E80: 14.747635 | F80: 13.907736 | G80: =H80 -> 1 | H80: 1
A81: Mid & East Antrim LGD-NI Gap | B81: -0.039344639 | C81: -0.033013961 | D81: -0.020231341 | E81: -0.033417387 | F81: -0.033675968
A82: Mid & East Antrim LGD Deprivation Gap | B82: 0.57406617 | C82: 0.63872454 | D82: 0.68092605 | E82: 0.751114 | F82: 0.69517119
A83: Ballymena | B83: 10.795911 | C83: 11.458035 | D83: 10.839264 | E83: 10.489028 | F83: 9.2930513 | H83: 0
A84: Bannside | B84: 5.8630903 | C84: 6.1802849 | D84: 7.2629099 | E84: 7.3594367 | F84: 7.0044123 | H84: 0
A85: Braid | B85: 6.6454883 | C85: 6.6612359 | D85: 7.1559952 | E85: 7.3060107 | F85: 7.533114 | H85: 0
A86: Carrick Castle | B86: 9.7289628 | C86: 9.0842007 | D86: 9.6226446 | E86: 9.3900035 | F86: 9.3697357 | H86: 0
A87: Coast Road | B87: 8.7152481 | C87: 8.2218603 | D87: 8.9487419 | E87: 9.1787293 | F87: 8.8399383 | H87: 0
A88: Knockagh | B88: 6.7991744 | C88: 7.041133 | D88: 7.5015603 | E88: 6.7848025 | F88: 7.0056487 | H88: 0
A89: Larne Lough | B89: 7.7351004 | C89: 8.2780188 | D89: 8.0496441 | E89: 8.0362321 | F89: 8.1212603 | H89: 0
A91: Standardised Death Rate - Treatable
A92: Deaths per 100,000 population | B92: 2015-19 | C92: 2016-20 | D92: 2017-21 | E92: 2018-22 | F92: 2019-23
A93: Northern Ireland | B93: 83.317505 | C93: 81.893403 | D93: 80.471145 | E93: 79.5597 | F93: 79.419745
A94: Mid & East Antrim LGD | B94: 75.622901 | C94: 77.369114 | D94: 79.352625 | E94: 79.487619 | F94: 83.961189 | G94: =H94 -> 0 | H94: 0
A95: Mid & East Antrim LGD Deprived | B95: 109.26925 | C95: 116.60781 | D95: 125.18284 | E95: 122.34316 | F95: 130.45948 | G95: =H95 -> 1 | H95: 1
A96: Mid & East Antrim LGD-NI Gap | B96: -0.092352787 | C96: -0.05524607 | D96: -0.013899633 | E96: -0.00090600957 | F96: 0.057182805
A97: Mid & East Antrim LGD Deprivation Gap | B97: 0.44492277 | C97: 0.50716221 | D97: 0.57755132 | E97: 0.53914736 | F97: 0.55380699
A98: Ballymena | B98: 92.464095 | C98: 97.440946 | D98: 99.936377 | E98: 97.339985 | F98: 99.611347 | H98: 0
A99: Bannside | B99: 58.048595 | C99: 67.045108 | D99: 74.553567 | E99: 80.659031 | F99: 90.155569 | H99: 0
A100: Braid | B100: 68.047163 | C100: 72.695457 | D100: 72.323296 | E100: 71.115001 | F100: 79.481289 | H100: 0
A101: Carrick Castle | B101: 77.288389 | C101: 77.045531 | D101: 83.629457 | E101: 83.140297 | F101: 88.748259 | H101: 0
A102: Coast Road | B102: 88.344376 | C102: 80.660293 | D102: 81.736517 | E102: 76.176836 | F102: 81.929841 | H102: 0
A103: Knockagh | B103: 60.020907 | C103: 60.701495 | D103: 56.032984 | E103: 60.687586 | F103: 59.730939 | H103: -1
A104: Larne Lough | B104: 80.526028 | C104: 80.165745 | D104: 82.534422 | E104: 82.479366 | F104: 82.870564 | H104: 0
A106: Standardised Death Rate - Preventable
A107: Deaths per 100,000 population | B107: 2015-19 | C107: 2016-20 | D107: 2017-21 | E107: 2018-22 | F107: 2019-23
A108: Northern Ireland | B108: 168.80488 | C108: 172.55081 | D108: 178.3291 | E108: 178.97441 | F108: 177.45494
A109: Mid & East Antrim LGD | B109: 160.6074 | C109: 165.62178 | D109: 170.85583 | E109: 167.07099 | F109: 162.95046 | G109: =H109 -> -1 | H109: -1
...

Sheet Mid Ulster
A1: MID ULSTER LOCAL GOVERNMENT DISTRICT
H3: RAG Comparison
A4: Key: | B4: Worse than | C4: -1 | D4: Similar to | E4: 0 | F4: Better than | G4: 1
A5: Service-based indicators Key: | B5: Lower than | C5: -1 | D5: Similar to | E5: 0 | F5: Higher than | G5: 1
A6: Note: Area values are compared to Northern Ireland, Area's deprived areas are compared to Area Average
A8: Male Life Expectancy at Birth
A9: Years | B9: 2017-19 | C9: 2018-20 | D9: 2019-21 | E9: 2020-22 | F9: 2021-23
A10: Northern Ireland | B10: 78.818762 | C10: 78.733213 | D10: 78.476598 | E10: 78.425672 | F10: 78.763745
A11: Mid Ulster LGD | B11: 79.696307 | C11: 79.686652 | D11: 79.287355 | E11: 78.883863 | F11: 79.339113 | G11: =H11 -> 0 | H11: 0
A12: Mid Ulster LGD Deprived | B12: 77.945913 | C12: 79.151004 | D12: 77.934277 | E12: 77.878539 | F12: 77.671638 | G12: =H12 -> 0 | H12: 0
A13: Mid Ulster LGD-NI Gap | B13: -0.87754513 | C13: -0.95343854 | D13: -0.81075689 | E13: -0.45819092 | F13: -0.57536787
A14: Mid Ulster LGD Deprivation Gap | B14: 1.7503946 | C14: 0.53564802 | D14: 1.3530774 | E14: 1.0053243 | F14: 1.667475
A15: Carntogher | B15: 80.972835 | C15: 80.397367 | D15: 79.56095 | E15: 80.10528 | F15: 81.087066 | H15: 0
A16: Clogher Valley | B16: 80.18784 | C16: 80.449965 | D16: 80.361439 | E16: 79.382742 | F16: 79.839339 | H16: 0
A17: Cookstown | B17: 78.1146 | C17: 79.226435 | D17: 79.272108 | E17: 78.47708 | F17: 78.770126 | H17: 0
A18: Dungannon | B18: 78.655592 | C18: 78.155533 | D18: 77.547578 | E18: 77.292994 | F18: 78.755489 | H18: 0
A19: Magherafelt | B19: 80.10745 | C19: 79.750258 | D19: 79.69163 | E19: 80.04311 | F19: 80.533788 | H19: 0
A20: Moyola | B20: 81.234383 | C20: 80.585462 | D20: 79.646968 | E20: 79.040692 | F20: 79.307856 | H20: 0
A21: Torrent | B21: 79.758884 | C21: 79.811336 | D21: 79.402187 | E21: 78.616527 | F21: 78.170565 | H21: 0
A23: Female Life Expectancy at Birth
A24: Years | B24: 2017-19 | C24: 2018-20 | D24: 2019-21 | E24: 2020-22 | F24: 2021-23
A25: Northern Ireland | B25: 82.58255 | C25: 82.425041 | D25: 82.289751 | E25: 82.255854 | F25: 82.485164
A26: Mid Ulster LGD | B26: 83.20612 | C26: 83.184475 | D26: 83.126977 | E26: 83.070959 | F26: 83.359395 | G26: =H26 -> 1 | H26: 1
A27: Mid Ulster LGD Deprived | B27: 83.127389 | C27: 82.852885 | D27: 82.286253 | E27: 81.49405 | F27: 81.589541 | G27: =H27 -> -1 | H27: -1
A28: Mid Ulster LGD-NI Gap | B28: -0.62356963 | C28: -0.75943433 | D28: -0.83722632 | E28: -0.81510515 | F28: -0.87423114
A29: Mid Ulster LGD Deprivation Gap | B29: 0.078730508 | C29: 0.33159047 | D29: 0.8407241 | E29: 1.5769093 | F29: 1.7698539
A30: Carntogher | B30: 85.140293 | C30: 86.119576 | D30: 84.96912 | E30: 84.93847 | F30: 85.26692 | H30: 1
A31: Clogher Valley | B31: 84.022098 | C31: 83.966632 | D31: 84.981128 | E31: 83.917191 | F31: 84.641478 | H31: 0
A32: Cookstown | B32: 82.688718 | C32: 82.902379 | D32: 83.135471 | E32: 83.106798 | F32: 82.689812 | H32: 0
A33: Dungannon | B33: 82.363723 | C33: 83.235977 | D33: 83.131105 | E33: 82.85672 | F33: 82.689149 | H33: 0
A34: Magherafelt | B34: 83.728839 | C34: 83.455321 | D34: 83.373286 | E34: 83.122983 | F34: 83.255435 | H34: 0
A35: Moyola | B35: 83.033702 | C35: 81.908454 | D35: 81.559516 | E35: 82.049188 | F35: 83.32032 | H35: 0
A36: Torrent | B36: 82.186868 | C36: 81.740322 | D36: 81.333047 | E36: 81.955639 | F36: 82.334115 | H36: 0
A38: Male Life Expectancy at Age 65
A39: Years | B39: 2017-19 | C39: 2018-20 | D39: 2019-21 | E39: 2020-22 | F39: 2021-23
A40: Northern Ireland | B40: 18.536761 | C40: 18.484435 | D40: 18.365174 | E40: 18.304984 | F40: 18.506212
A41: Mid Ulster LGD | B41: 18.79037 | C41: 18.867487 | D41: 18.561295 | E41: 18.775509 | F41: 18.412148 | G41: =H41 -> 0 | H41: 0
A42: Mid Ulster LGD Deprived | B42: 17.353022 | C42: 18.505796 | D42: 17.764651 | E42: 17.896792 | F42: 17.667184 | G42: =H42 -> 0 | H42: 0
A43: Mid Ulster LGD-NI Gap | B43: -0.25360826 | C43: -0.3830521 | D43: -0.19612147 | E43: -0.47052551 | F43: 0.094063084
A44: Mid Ulster LGD Deprivation Gap | B44: 1.4373476 | C44: 0.36169083 | D44: 0.79664362 | E44: 0.8787178 | F44: 0.74496441
A45: Carntogher | B45: 19.075195 | C45: 19.310754 | D45: 19.233476 | E45: 19.382927 | F45: 20.424927 | H45: 1
A46: Clogher Valley | B46: 19.293121 | C46: 19.435977 | D46: 19.681891 | E46: 18.664338 | F46: 18.681327 | H46: 0
A47: Cookstown | B47: 18.086992 | C47: 18.766022 | D47: 18.45779 | E47: 18.124291 | F47: 18.004819 | H47: 0
A48: Dungannon | B48: 18.714657 | C48: 18.566319 | D48: 18.182383 | E48: 17.728926 | F48: 18.102817 | H48: 0
A49: Magherafelt | B49: 18.829547 | C49: 18.720786 | D49: 18.331877 | E49: 18.598673 | F49: 18.451177 | H49: 0
A50: Moyola | B50: 19.601765 | C50: 19.285746 | D50: 18.530963 | E50: 18.291197 | F50: 18.028161 | H50: 0
A51: Torrent | B51: 18.515884 | C51: 18.301247 | D51: 17.860219 | E51: 17.689452 | F51: 17.960407 | H51: 0
A53: Female Life Expectancy at Age 65
A54: Years | B54: 2017-19 | C54: 2018-20 | D54: 2019-21 | E54: 2020-22 | F54: 2021-23
A55: Northern Ireland | B55: 20.856044 | C55: 20.749343 | D55: 20.701913 | E55: 20.57369 | F55: 20.746988
A56: Mid Ulster LGD | B56: 21.185475 | C56: 21.057469 | D56: 20.995976 | E56: 20.69275 | F56: 20.82659 | G56: =H56 -> 0 | H56: 0
A57: Mid Ulster LGD Deprived | B57: 21.090419 | C57: 21.140638 | D57: 20.469297 | E57: 19.758057 | F57: 19.527783 | G57: =H57 -> 0 | H57: 0
A58: Mid Ulster LGD-NI Gap | B58: -0.32943118 | C58: -0.30812549 | D58: -0.29406239 | E58: -0.11906076 | F58: -0.079601863
A59: Mid Ulster LGD Deprivation Gap | B59: 0.095056009 | C59: -0.083168955 | D59: 0.52667879 | E59: 0.9346929 | F59: 1.2988073
A60: Carntogher | B60: 22.749456 | C60: 23.532237 | D60: 22.180778 | E60: 21.711215 | F60: 21.650657 | H60: 0
A61: Clogher Valley | B61: 21.574003 | C61: 20.959162 | D61: 21.709343 | E61: 21.155955 | F61: 21.88882 | H61: 1
A62: Cookstown | B62: 21.401107 | C62: 20.94638 | D62: 20.652615 | E62: 20.206139 | F62: 20.323292 | H62: 0
A63: Dungannon | B63: 20.981971 | C63: 21.668962 | D63: 21.655874 | E63: 20.973521 | F63: 20.685697 | H63: 0
A64: Magherafelt | B64: 20.947469 | C64: 20.490368 | D64: 21.049956 | E64: 20.857667 | F64: 21.080978 | H64: 0
A65: Moyola | B65: 20.527966 | C65: 20.236343 | D65: 20.230234 | E65: 20.260216 | F65: 20.614353 | H65: 0
A66: Torrent | B66: 20.415693 | C66: 20.259267 | D66: 19.805714 | E66: 19.930733 | F66: 19.846104 | H66: 0
A68: Standardised Death Rate - All Deaths
A69: Deaths per 100,000 population | B69: 2017-19 | C69: 2018-20 | D69: 2019-21 | E69: 2020-22 | F69: 2021-23
A70: Northern Ireland | B70: 1004.5825 | C70: 1017.2747 | D70: 1029.771 | E70: 1041.2114 | F70: 1015.538
A71: Mid Ulster LGD | B71: 963.01416 | C71: 959.51106 | D71: 987.63352 | E71: 1014.6764 | F71: 997.58863 | G71: =H71 -> 0 | H71: 0
A72: Mid Ulster LGD Deprived | B72: 1017.6163 | C72: 951.77776 | D72: 1035.1572 | E72: 1077.9914 | F72: 1098.8429 | G72: =H72 -> 1 | H72: 1
A73: Mid Ulster LGD-NI Gap | B73: -0.04137873 | C73: -0.056782755 | D73: -0.040919276 | E73: -0.025484705 | F73: -0.017674738
A74: Mid Ulster LGD Deprivation Gap | B74: 0.056699181 | C74: -0.008059627 | D74: 0.048118789 | E74: 0.062399227 | F74: 0.10149903
A76: Potential Years of Life Lost
A77: Years lost per 100 persons | B77: 2017-19 | C77: 2018-20 | D77: 2019-21 | E77: 2020-22 | F77: 2021-23
A78: Northern Ireland | B78: 8.4327762 | C78: 8.5044878 | D78: 8.6991847 | E78: 8.7130255 | F78: 8.4902427
A79: Mid Ulster LGD | B79: 7.4731117 | C79: 7.4998882 | D79: 7.641598 | E79: 7.864731 | F79: 7.4622387 | G79: =H79 -> -1 | H79: -1
A80: Mid Ulster LGD Deprived | B80: 8.8410138 | C80: 8.3372332 | D80: 9.2516849 | E80: 9.779703 | F80: 9.7704593 | G80: =H80 -> 1 | H80: 1
A81: Mid Ulster LGD-NI Gap | B81: -0.11380173 | C81: -0.11812582 | D81: -0.12157308 | E81: -0.097359356 | F81: -0.12108064
A82: Mid Ulster LGD Deprivation Gap | B82: 0.18304318 | C82: 0.11164767 | D82: 0.21070028 | E82: 0.24348856 | F82: 0.30932013
A83: Carntogher | B83: 6.3133889 | C83: 6.4669327 | D83: 6.8481267 | E83: 6.5147111 | F83: 6.0194445 | H83: 0
A84: Clogher Valley | B84: 6.5042168 | C84: 6.3904154 | D84: 6.2178952 | E84: 6.9862842 | F84: 6.3665406 | H84: 0
A85: Cookstown | B85: 9.1036016 | C85: 8.1494099 | D85: 7.5274671 | E85: 8.0608458 | F85: 8.1206249 | H85: 0
A86: Dungannon | B86: 8.3807582 | C86: 8.3084887 | D86: 8.7866863 | E86: 8.8903089 | F86: 8.215313 | H86: 0
A87: Magherafelt | B87: 6.8012141 | C87: 6.7296435 | D87: 7.1346762 | E87: 6.861638 | F87: 6.3118912 | H87: 0
A88: Moyola | B88: 6.6163124 | C88: 7.469925 | D88: 8.1044472 | E88: 8.3572892 | F88: 7.2481331 | H88: 0
A89: Torrent | B89: 7.8006252 | C89: 8.4728386 | D89: 8.6062627 | E89: 8.9355643 | F89: 9.2685599 | H89: 1
A91: Standardised Death Rate - Treatable
A92: Deaths per 100,000 population | B92: 2015-19 | C92: 2016-20 | D92: 2017-21 | E92: 2018-22 | F92: 2019-23
A93: Northern Ireland | B93: 83.317505 | C93: 81.893403 | D93: 80.471145 | E93: 79.5597 | F93: 79.5597
A94: Mid Ulster LGD | B94: 76.835596 | C94: 75.728161 | D94: 73.992622 | E94: 70.879514 | F94: 70.879514 | G94: =H94 -> -1 | H94: -1
A95: Mid Ulster LGD Deprived | B95: 89.132893 | C95: 83.220815 | D95: 91.415759 | E95: 88.531201 | F95: 88.531201 | G95: =H95 -> 0 | H95: 0
A96: Mid Ulster LGD-NI Gap | B96: -0.077797683 | C96: -0.075283744 | D96: -0.080507406 | E96: -0.10910281 | F96: -0.10910281
A97: Mid Ulster LGD Deprivation Gap | B97: 0.16004687 | C97: 0.098941444 | D97: 0.23547128 | E97: 0.24903792 | F97: 0.24903792
A98: Carntogher | B98: 68.911984 | C98: 64.783311 | D98: 69.975494 | E98: 66.878569 | F98: 66.878569 | H98: 0
A99: Clogher Valley | B99: 79.406797 | C99: 81.158583 | D99: 75.213602 | E99: 61.678721 | F99: 61.678721 | H99: 0
A100: Cookstown | B100: 82.057392 | C100: 71.609795 | D100: 65.973861 | E100: 58.819143 | F100: 58.819143 | H100: 0
A101: Dungannon | B101: 79.631438 | C101: 76.624583 | D101: 79.048665 | E101: 74.01337 | F101: 74.01337 | H101: 0
A102: Magherafelt | B102: 66.520482 | C102: 72.389284 | D102: 72.110317 | E102: 69.798808 | F102: 69.798808 | H102: 0
A103: Moyola | B103: 78.693736 | C103: 79.3766 | D103: 74.672634 | E103: 76.616819 | F103: 76.616819 | H103: 0
A104: Torrent | B104: 78.991228 | C104: 82.560956 | D104: 80.628977 | E104: 87.619006 | F104: 87.619006 | H104: 1
A106: Standardised Death Rate - Preventable
A107: Deaths per 100,000 population | B107: 2015-19 | C107: 2016-20 | D107: 2017-21 | E107: 2018-22 | F107: 2019-23
A108: Northern Ireland | B108: 168.80488 | C108: 172.55081 | D108: 178.3291 | E108: 178.97441 | F108: 177.45494
A109: Mid Ulster LGD | B109: 145.85216 | C109: 151.50153 | D109: 155.91825 | E109: 159.90162 | F109: 155.28085 | G109: =H109 -> -1 | H109: -1
...

Sheet Newry Mourne & Down
A1: Newry Mourne & Down LOCAL GOVERNMENT DISTRICT
H3: RAG Comparison
A4: Key: | B4: Worse than | C4: -1 | D4: Similar to | E4: 0 | F4: Better than | G4: 1
A5: Service-based indicators Key: | B5: Lower than | C5: -1 | D5: Similar to | E5: 0 | F5: Higher than | G5: 1
A6: Note: Area values are compared to Northern Ireland, Area's deprived areas are compared to Area Average
A8: Male Life Expectancy at Birth
A9: Years | B9: 2017-19 | C9: 2018-20 | D9: 2019-21 | E9: 2020-22 | F9: 2021-23
A10: Northern Ireland | B10: 78.818762 | C10: 78.733213 | D10: 78.476598 | E10: 78.425672 | F10: 78.763745
A11: Newry Mourne & Down LGD | B11: 79.318031 | C11: 79.399647 | D11: 78.978764 | E11: 78.900399 | F11: 79.046763 | G11: =H11 -> 0 | H11: 0
A12: Newry Mourne & Down LGD Deprived | B12: 78.230963 | C12: 77.692158 | D12: 76.405463 | E12: 76.35895 | F12: 76.468281 | G12: =H12 -> -1 | H12: -1
A13: Newry Mourne & Down LGD-NI Gap | B13: -0.49926911 | C13: -0.66643414 | D13: -0.50216672 | E13: -0.47472645 | F13: -0.28301842
A14: Newry Mourne & Down LGD Deprivation Gap | B14: 1.0870681 | C14: 1.7074891 | D14: 2.5733016 | E14: 2.5414487 | F14: 2.5784819
A15: Crotlieve | B15: 79.500075 | C15: 80.808514 | D15: 81.261628 | E15: 81.024807 | F15: 80.33943 | H15: 0
A16: Downpatrick | B16: 76.939567 | C16: 76.967245 | D16: 76.133819 | E16: 77.623569 | F16: 78.479299 | H16: 0
A17: Newry | B17: 77.821846 | C17: 78.240862 | D17: 76.508846 | E17: 76.509127 | F17: 76.419857 | H17: -1
A18: Rowallane | B18: 80.336029 | C18: 80.804889 | D18: 80.442599 | E18: 80.089007 | F18: 79.422354 | H18: 0
A19: Slieve Croob | B19: 80.554184 | C19: 80.366504 | D19: 80.257422 | E19: 79.968991 | F19: 80.604935 | H19: 0
A20: Slieve Gullion | B20: 79.722216 | C20: 79.772483 | D20: 79.498012 | E20: 78.790991 | F20: 78.439905 | H20: 0
A21: The Mournes | B21: 80.398085 | C21: 78.945573 | D21: 78.909976 | E21: 78.696327 | F21: 79.744654 | H21: 0
A23: Female Life Expectancy at Birth
A24: Years | B24: 2017-19 | C24: 2018-20 | D24: 2019-21 | E24: 2020-22 | F24: 2021-23
A25: Northern Ireland | B25: 82.58255 | C25: 82.425041 | D25: 82.289751 | E25: 82.255854 | F25: 82.485164
A26: Newry Mourne & Down LGD | B26: 83.393671 | C26: 83.253342 | D26: 82.826274 | E26: 82.573444 | F26: 82.943202 | G26: =H26 -> 0 | H26: 0
A27: Newry Mourne & Down LGD Deprived | B27: 82.53703 | C27: 82.45586 | D27: 82.245749 | E27: 82.460159 | F27: 82.242034 | G27: =H27 -> 0 | H27: 0
A28: Newry Mourne & Down LGD-NI Gap | B28: -0.81112041 | C28: -0.82830152 | D28: -0.53652259 | E28: -0.31758989 | F28: -0.45803819
A29: Newry Mourne & Down LGD Deprivation Gap | B29: 0.8566404 | C29: 0.79748196 | D29: 0.58052495 | E29: 0.11328499 | F29: 0.70116795
A30: Crotlieve | B30: 83.144506 | C30: 83.228397 | D30: 83.469373 | E30: 83.608821 | F30: 84.179766 | H30: 0
A31: Downpatrick | B31: 83.857718 | C31: 82.858904 | D31: 82.06831 | E31: 82.795557 | F31: 83.699787 | H31: 0
A32: Newry | B32: 82.631038 | C32: 81.733829 | D32: 80.558535 | E32: 79.841354 | F32: 80.094791 | H32: -1
A33: Rowallane | B33: 82.640016 | C33: 83.761632 | D33: 83.45438 | E33: 82.665721 | F33: 83.102201 | H33: 0
A34: Slieve Croob | B34: 82.19709 | C34: 81.813434 | D34: 82.31374 | E34: 82.298427 | F34: 83.392058 | H34: 0
A35: Slieve Gullion | B35: 83.973952 | C35: 84.114823 | D35: 83.373096 | E35: 83.331401 | F35: 83.160753 | H35: 0
A36: The Mournes | B36: 84.819798 | C36: 84.918492 | D36: 84.258248 | E36: 83.69146 | F36: 83.536491 | H36: 0
A38: Male Life Expectancy at Age 65
A39: Years | B39: 2017-19 | C39: 2018-20 | D39: 2019-21 | E39: 2020-22 | F39: 2021-23
A40: Northern Ireland | B40: 18.536761 | C40: 18.484435 | D40: 18.365174 | E40: 18.304984 | F40: 18.506212
A41: Newry Mourne & Down LGD | B41: 18.488498 | C41: 18.771379 | D41: 18.684039 | E41: 18.901452 | F41: 18.495582 | G41: =H41 -> 0 | H41: 0
A42: Newry Mourne & Down LGD Deprived | B42: 17.532636 | C42: 17.85775 | D42: 17.058836 | E42: 17.150741 | F42: 17.085221 | G42: =H42 -> -1 | H42: -1
A43: Newry Mourne & Down LGD-NI Gap | B43: 0.048263943 | C43: -0.28694388 | D43: -0.31886527 | E43: -0.59646843 | F43: 0.010629652
A44: Newry Mourne & Down LGD Deprivation Gap | B44: 0.95586137 | C44: 0.91362835 | D44: 1.6252028 | E44: 1.7507108 | F44: 1.4103607
A45: Crotlieve | B45: 18.174951 | C45: 19.400752 | D45: 19.637716 | E45: 19.549942 | F45: 18.779468 | H45: 0
A46: Downpatrick | B46: 17.966906 | C46: 18.51438 | D46: 17.932488 | E46: 17.95926 | F46: 18.257874 | H46: 0
A47: Newry | B47: 17.257563 | C47: 17.887585 | D47: 17.518926 | E47: 17.64842 | F47: 17.386743 | H47: -1
A48: Rowallane | B48: 19.055053 | C48: 19.03112 | D48: 19.148507 | E48: 18.735879 | F48: 18.96927 | H48: 0
A49: Slieve Croob | B49: 19.736566 | C49: 19.98916 | D49: 20.21702 | E49: 19.751405 | F49: 19.590582 | H49: 1
A50: Slieve Gullion | B50: 18.128388 | C50: 18.175476 | D50: 18.304972 | E50: 18.021249 | F50: 17.773127 | H50: 0
A51: The Mournes | B51: 19.368973 | C51: 18.887686 | D51: 18.567999 | E51: 18.462103 | F51: 18.834274 | H51: 0
A53: Female Life Expectancy at Age 65
A54: Years | B54: 2017-19 | C54: 2018-20 | D54: 2019-21 | E54: 2020-22 | F54: 2021-23
A55: Northern Ireland | B55: 20.856044 | C55: 20.749343 | D55: 20.701913 | E55: 20.57369 | F55: 20.746988
A56: Newry Mourne & Down LGD | B56: 21.148876 | C56: 21.176488 | D56: 20.907682 | E56: 20.74734 | F56: 20.94566 | G56: =H56 -> 0 | H56: 0
A57: Newry Mourne & Down LGD Deprived | B57: 20.349658 | C57: 20.598908 | D57: 20.509066 | E57: 20.538226 | F57: 20.424734 | G57: =H57 -> 0 | H57: 0
A58: Newry Mourne & Down LGD-NI Gap | B58: -0.29283278 | C58: -0.42714501 | D58: -0.20576828 | E58: -0.17365088 | F58: -0.19867179
A59: Newry Mourne & Down LGD Deprivation Gap | B59: 0.79921829 | C59: 0.57758015 | D59: 0.39861526 | E59: 0.20911487 | F59: 0.52092612
A60: Crotlieve | B60: 21.078942 | C60: 20.944242 | D60: 20.878394 | E60: 20.946111 | F60: 21.42424 | H60: 0
A61: Downpatrick | B61: 20.918012 | C61: 20.134704 | D61: 20.037909 | E61: 20.59593 | F61: 21.419153 | H61: 0
A62: Newry | B62: 20.525966 | C62: 20.588201 | D62: 19.611115 | E62: 19.217767 | F62: 19.091469 | H62: -1
A63: Rowallane | B63: 21.17253 | C63: 21.607226 | D63: 21.61274 | E63: 21.040362 | F63: 21.090052 | H63: 0
A64: Slieve Croob | B64: 20.952331 | C64: 20.635358 | D64: 20.813753 | E64: 20.807254 | F64: 21.495175 | H64: 0
A65: Slieve Gullion | B65: 21.486106 | C65: 21.966556 | D65: 21.201553 | E65: 21.001966 | F65: 20.795742 | H65: 0
A66: The Mournes | B66: 21.866884 | C66: 22.215849 | D66: 22.144054 | E66: 21.876205 | F66: 21.775743 | H66: 1
A68: Standardised Death Rate - All Deaths
A69: Deaths per 100,000 population | B69: 2017-19 | C69: 2018-20 | D69: 2019-21 | E69: 2020-22 | F69: 2021-23
A70: Northern Ireland | B70: 1004.5825 | C70: 1017.2747 | D70: 1029.771 | E70: 1041.2114 | F70: 1015.538
A71: Newry Mourne & Down LGD | B71: 967.71023 | C71: 972.62419 | D71: 1003.9921 | E71: 1015.8723 | F71: 1001.8008 | G71: =H71 -> 0 | H71: 0
A72: Newry Mourne & Down LGD Deprived | B72: 1079.2431 | C72: 1076.8553 | D72: 1144.9103 | E72: 1120.7656 | F72: 1144.6879 | G72: =H72 -> 1 | H72: 1
A73: Newry Mourne & Down LGD-NI Gap | B73: -0.036704083 | C73: -0.043892302 | D73: -0.025033584 | E73: -0.024336161 | F73: -0.013527051
A74: Newry Mourne & Down LGD Deprivation Gap | B74: 0.11525446 | C74: 0.10716485 | D74: 0.1403578 | E74: 0.10325444 | F74: 0.14263033
A76: Potential Years of Life Lost
A77: Years lost per 100 persons | B77: 2017-19 | C77: 2018-20 | D77: 2019-21 | E77: 2020-22 | F77: 2021-23
A78: Northern Ireland | B78: 8.4327762 | C78: 8.5044878 | D78: 8.6991847 | E78: 8.7130255 | F78: 8.4902427
A79: Newry Mourne & Down LGD | B79: 7.6537732 | C79: 7.5163706 | D79: 7.9712344 | E79: 8.2804008 | F79: 8.0229905 | G79: =H79 -> 0 | H79: 0
A80: Newry Mourne & Down LGD Deprived | B80: 8.4053251 | C80: 8.9711737 | D80: 9.808433 | E80: 9.8912202 | F80: 9.7705503 | G80: =H80 -> 1 | H80: 1
A81: Newry Mourne & Down LGD-NI Gap | B81: -0.092378001 | C81: -0.11618774 | D81: -0.083680291 | E81: -0.04965264 | F81: -0.055034019
A82: Newry Mourne & Down LGD Deprivation Gap | B82: 0.098193639 | C82: 0.19355128 | D82: 0.23047856 | E82: 0.19453399 | F82: 0.217819
A83: Crotlieve | B83: 8.0764006 | C83: 7.0149812 | D83: 6.5610133 | E83: 6.6579708 | F83: 6.5951368 | H83: -1
A84: Downpatrick | B84: 8.6961841 | C84: 8.9717062 | D84: 10.330742 | E84: 9.1733291 | F84: 8.608805 | H84: 0
A85: Newry | B85: 8.5747639 | C85: 8.9289123 | D85: 10.453685 | E85: 11.03275 | F85: 11.044572 | H85: 1
A86: Rowallane | B86: 7.2685986 | C86: 5.8655534 | D86: 6.5475313 | E86: 7.275429 | F86: 7.5814522 | H86: 0
A87: Slieve Croob | B87: 8.1506024 | C87: 8.2311535 | D87: 7.9986578 | E87: 8.1371942 | F87: 7.0670333 | H87: 0
A88: Slieve Gullion | B88: 7.2073964 | C88: 7.0324891 | D88: 7.3027201 | E88: 7.9863022 | F88: 7.9957836 | H88: 0
A89: The Mournes | B89: 6.3017132 | C89: 7.0730302 | D89: 7.3416725 | E89: 8.0282666 | F89: 7.4538957 | H89: 0
A91: Standardised Death Rate - Treatable
A92: Deaths per 100,000 population | B92: 2015-19 | C92: 2016-20 | D92: 2017-21 | E92: 2018-22 | F92: 2019-23
A93: Northern Ireland | B93: 83.317505 | C93: 81.893403 | D93: 80.471145 | E93: 79.5597 | F93: 79.419745
A94: Newry Mourne & Down LGD | B94: 77.114735 | C94: 73.818742 | D94: 70.64317 | E94: 68.231595 | F94: 69.829327 | G94: =H94 -> -1 | H94: -1
A95: Newry Mourne & Down LGD Deprived | B95: 92.330338 | C95: 91.511362 | D95: 89.088132 | E95: 80.973826 | F95: 83.801952 | G95: =H95 -> 0 | H95: 0
A96: Newry Mourne & Down LGD-NI Gap | B96: -0.074447377 | C96: -0.098599655 | D96: -0.12213042 | E96: -0.14238496 | F96: -0.12075609
A97: Newry Mourne & Down LGD Deprivation Gap | B97: 0.19731122 | C97: 0.23967654 | D97: 0.26110044 | E97: 0.18674971 | F97: 0.2000968
A98: Crotlieve | B98: 78.998757 | C98: 67.777475 | D98: 68.611325 | E98: 63.474698 | F98: 65.961693 | H98: 0
A99: Downpatrick | B99: 99.086385 | C99: 97.570094 | D99: 93.932117 | E99: 82.134669 | F99: 77.797676 | H99: 0
A100: Newry | B100: 89.17249 | C100: 90.058878 | D100: 82.550775 | E100: 86.400169 | F100: 92.834077 | H100: 1
A101: Rowallane | B101: 73.310364 | C101: 69.36893 | D101: 67.454349 | E101: 62.17337 | F101: 62.264732 | H101: 0
A102: Slieve Croob | B102: 63.339606 | C102: 65.898523 | D102: 69.353444 | E102: 65.969182 | F102: 61.654758 | H102: 0
A103: Slieve Gullion | B103: 74.98172 | C103: 71.405944 | D103: 66.611148 | E103: 64.843694 | F103: 67.017481 | H103: 0
A104: The Mournes | B104: 65.791824 | C104: 61.248737 | D104: 54.676539 | E104: 58.053291 | F104: 63.911603 | H104: 0
A106: Standardised Death Rate - Preventable
A107: Deaths per 100,000 population | B107: 2015-19 | C107: 2016-20 | D107: 2017-21 | E107: 2018-22 | F107: 2019-23
A108: Northern Ireland | B108: 168.80488 | C108: 172.55081 | D108: 178.3291 | E108: 178.97441 | F108: 177.45494
A109: Newry Mourne & Down LGD | B109: 153.60834 | C109: 156.88631 | D109: 166.80914 | E109: 164.2084 | F109: 162.65547 | G109: =H109 -> -1 | H109: -1
...

Sheet Urban Rural Analysis
A1: Urban Rural Analysis
A3: Note: Positive values for Urban-Rural Gaps indicate that the health outcome in urban areas is worse than rural areas, and negative gaps indicate that the outcome in urban areas is worse than rural areas.
A6: Life Expectancy and General Health
A8: Life Expectancy at Birth | C8: 2017-19 | D8: 2018-20 | E8: 2019-21 | F8: 2020-22 | G8: 2021-23
A10: Years
A11: Male | B11: NI | C11: 78.818762 | D11: 78.733213 | E11: 78.476598 | F11: 78.425672 | G11: 78.763745
B12: Rural | C12: 80.79739 | D12: 80.763621 | E12: 80.417707 | F12: 80.324729 | G12: 80.407626
B13: Urban | C13: 77.555032 | D13: 77.457132 | E13: 77.236272 | F13: 77.22801 | G13: 77.700794
B14: Mixed Urban/Rural | C14: 80.272948 | D14: 79.933777 | E14: 79.743943 | F14: 79.436597 | G14: 79.811221
B15: Urban-Rural Gap | C15: =(C12-C13) -> 3.2423584 | D15: =(D12-D13) -> 3.3064885 | E15: =(E12-E13) -> 3.1814353 | F15: =(F12-F13) -> 3.0967187 | G15: =(G12-G13) -> 2.7068317
A16: Female | B16: NI | C16: 82.58255 | D16: 82.425041 | E16: 82.289751 | F16: 82.255854 | G16: 82.485164
B17: Rural | C17: 84.114261 | D17: 84.182286 | E17: 83.794759 | F17: 83.69395 | G17: 83.869546
B18: Urban | C18: 81.730337 | D18: 81.468247 | E18: 81.433923 | F18: 81.424002 | G18: 81.641746
B19: Mixed Urban/Rural | C19: 83.147741 | D19: 82.689237 | E19: 82.648679 | F19: 82.904739 | G19: 83.687197
B20: Urban-Rural Gap | C20: =ABS(C18-C17) -> 2.3839239 | D20: =ABS(D18-D17) -> 2.7140386 | E20: =ABS(E18-E17) -> 2.3608365 | F20: =ABS(F18-F17) -> 2.2699477 | G20: =ABS(G18-G17) -> 2.2278004
A23: Life Expectancy at Age 65 | C23: 2017-19 | D23: 2018-20 | E23: 2019-21 | F23: 2020-22 | G23: 2021-23
A25: Years
A26: Male | B26: NI | C26: 18.536761 | D26: 18.484435 | E26: 18.365174 | F26: 18.304984 | G26: 18.506212
B27: Rural | C27: 19.405475 | D27: 19.384215 | E27: 19.134283 | F27: 19.082281 | G27: 19.173994
B28: Urban | C28: 17.991157 | D28: 17.915604 | E28: 17.854081 | F28: 17.807259 | G28: 18.060648
B29: Mixed Urban/Rural | C29: 18.992964 | D29: 18.877583 | E29: 18.913362 | F29: 18.641948 | G29: 18.958508
B30: Urban-Rural Gap | C30: =(C27-C28) -> 1.4143182 | D30: =(D27-D28) -> 1.4686115 | E30: =(E27-E28) -> 1.2802019 | F30: =(F27-F28) -> 1.2750216 | G30: =(G27-G28) -> 1.1133458
A31: Female | B31: NI | C31: 20.856044 | D31: 20.749343 | E31: 20.701913 | F31: 20.57369 | G31: 20.746988
B32: Rural | C32: 21.727058 | D32: 21.715596 | E32: 21.500411 | F32: 21.374604 | G32: 21.526381
B33: Urban | C33: 20.387401 | D33: 20.249038 | E33: 20.273017 | F33: 20.126213 | G33: 20.289853
B34: Mixed Urban/Rural | C34: 21.383281 | D34: 20.970435 | E34: 20.811025 | F34: 20.934268 | G34: 21.32911
B35: Urban-Rural Gap | C35: =(C32-C33) -> 1.3396571 | D35: =(D32-D33) -> 1.4665579 | E35: =(E32-E33) -> 1.227394 | F35: =(F32-F33) -> 1.2483915 | G35: =(G32-G33) -> 1.2365279
A38: Healthy Life Expectancy Years [1] | C38: 2017-19 | D38: 2018-20 | E38: 2019-21 | F38: 2020-22 | G38: 2021-23
A40: Male | B40: NI | C40: 59.220209 | D40: 60.073467 | E40: 60.600967 | F40: 61.233038 | G40: 60.306471
B41: Rural | C41: 61.226894 | D41: 61.777468 | E41: 62.998232 | F41: 63.486268 | G41: 62.930175
B42: Urban | C42: 55.942677 | D42: 57.119264 | E42: 59.768694 | F42: 60.902697 | G42: 59.629707
B43: Urban-Rural Gap | C43: =(C41-C42) -> 5.2842177 | D43: =(D41-D42) -> 4.6582044 | E43: =(E41-E42) -> 3.2295379 | F43: =(F41-F42) -> 2.583571 | G43: =(G41-G42) -> 3.3004685
A44: Female | B44: NI | C44: 60.989619 | D44: 62.125082 | E44: 62.740512 | F44: 62.735672 | G44: 61.371152
B45: Rural | C45: 63.514801 | D45: 64.44504 | E45: 66.280208 | F45: 66.291108 | G45: 64.602736
B46: Urban | C46: 59.316414 | D46: 60.152405 | E46: 60.406936 | F46: 60.516919 | G46: 59.38738
B47: Urban-Rural Gap | C47: =(C45-C46) -> 4.198387 | D47: =(D45-D46) -> 4.2926353 | E47: =(E45-E46) -> 5.8732718 | F47: =(F45-F46) -> 5.7741883 | G47: =(G45-G46) -> 5.215356
A48: [1] Urban-rural analysis presented for HLE & DFLE is based on the 2005 urban-rural classifications due to data limitations.
A51: Disability Free Life Expectancy Years [1] | C51: 2017-19 | D51: 2018-20 | E51: 2019-21 | F51: 2020-22 | G51: 2021-23
A53: Male | B53: NI | C53: 57.92339 | D53: 58.211302 | E53: 58.611255 | F53: 59.15766 | G53: 58.240439
B54: Rural | C54: 61.436232 | D54: 62.591098 | E54: 64.024433 | F54: 63.402318 | G54: 61.700163
B55: Urban | C55: 59.402341 | D55: 58.80681 | E55: 58.935949 | F55: 58.466119 | G55: 57.411606
B56: Urban-Rural Gap | C56: =(C54-C55) -> 2.0338911 | D56: =(D54-D55) -> 3.7842882 | E56: =(E54-E55) -> 5.0884839 | F56: =(F54-F55) -> 4.9361993 | G56: =(G54-G55) -> 4.2885565
A57: Female | B57: NI | C57: 58.369752 | D57: 59.023826 | E57: 58.735943 | F57: 58.533572 | G57: 57.386294
B58: Rural | C58: 62.421339 | D58: 63.847465 | E58: 60.400227 | F58: 62.331232 | G58: 60.581222
B59: Urban | C59: 61.273321 | D59: 61.531777 | E59: 60.21244 | F59: 58.506898 | G59: 55.868498
B60: Urban-Rural Gap | C60: =(C58-C59) -> 1.1480178 | D60: =(D58-D59) -> 2.3156874 | E60: =(E58-E59) -> 0.18778628 | F60: =(F58-F59) -> 3.8243342 | G60: =(G58-G59) -> 4.712724
A61: [1] Urban-rural analysis presented for HLE & DFLE is based on the 2005 urban-rural classifications due to data limitations.
A64: Standardised Death Rate - All Deaths | C64: 2017-19 | D64: 2018-20 | E64: 2019-21 | F64: 2020-22 | G64: 2021-23
A65: Deaths per 100,000 population
A66: NI | C66: 1004.5825 | D66: 1017.2747 | E66: 1029.771 | F66: 1041.2114 | G66: 1015.538
A67: Rural | C67: 883.06137 | D67: 887.4684 | E67: 918.35734 | F67: 929.39124 | G67: 917.32996
A68: Urban | C68: 1080.8811 | D68: 1097.3187 | E68: 1100.3294 | F68: 1112.7118 | G68: 1081.4018
B69: Urban-Rural Gap | C69: =(C68-C67)/C67 -> 0.22401586 | D69: =(D68-D67)/D67 -> 0.23645945 | E69: =(E68-E67)/E67 -> 0.19814951 | F69: =(F68-F67)/F67 -> 0.197248 | G69: =(G68-G67)/G67 -> 0.178858
A72: Very Good / Good General Health | C72: 2019/20 | D72: 2020/21 | E72: 2021/22 | F72: 2022/23 | G72: 2023/24
A73: Prioportion Reporting (%)
A74: NI | C74: 0.71410032 | D74: 0.79083527 | E74: 0.73318926 | F74: 0.7197628 | G74: 0.68722394
A75: Rural | C75: 0.75968689 | D75: 0.82376903 | E75: 0.78622903 | F75: 0.75384506 | G75: 0.70587041
A76: Urban | C76: 0.68127657 | D76: 0.76874457 | E76: 0.70344321 | F76: 0.69648715 | G76: 0.6707524
B77: Urban-Rural Gap | C77: 0.10321399 | D77: 0.066795988 | E77: 0.10529479 | F77: 0.076087134 | G77: 0.049751357
A80: Long-term conditions | C80: 2019/20 | D80: 2019/20 | E80: 2019/20 | F80: 2019/20 | G80: 2019/20
A81: Prioportion Reporting (%)
A82: NI | C82: 0.42678785 | D82: 0.41286812 | E82: 0.40494923 | F82: 0.4019513 | G82: 0.45740634
A83: Rural | C83: 0.3793789 | D83: 0.37484194 | E83: 0.34120479 | F83: 0.34731238 | G83: 0.43609116
A84: Urban | C84: 0.45510634 | D84: 0.4334942 | E84: 0.44457741 | F84: 0.44250989 | G84: 0.46875504
B85: Urban-Rural Gap | C85: 0.199609 | D85: 0.15647196 | E85: 0.30296358 | F85: 0.27409765 | G85: 0.074901507
A88: Limiting long-term conditions | C88: 2019/20 | D88: 2020/21 | E88: 2021/22 | F88: 2022/23 | G88: 2023/24
A89: Prioportion Reporting (%)
A90: NI | C90: 0.30433686 | D90: 0.28669961 | E90: 0.29943358 | F90: 0.30857861 | G90: 0.3398899
A91: Rural | C91: 0.27494041 | D91: 0.254691 | E91: 0.25420055 | F91: 0.25677267 | G91: 0.32474346
A92: Urban | C92: 0.32981156 | D92: 0.30558932 | E92: 0.32735425 | F92: 0.34288758 | G92: 0.35156861
B93: Urban-Rural Gap | C93: 0.19957471 | D93: 0.1998434 | E93: 0.28777948 | F93: 0.33537415 | G93: 0.082604155
A94: Premature Mortality
A97: PYLL | B97: 2017-19 | C97: 2018-20 | D97: 2019-21 | E97: 2020-22 | F97: 2021-23
A98: Years Lost Per 100 Persons
A99: NI | B99: 8.4327762 | C99: 8.5044878 | D99: 8.6991847 | E99: 8.7130255 | F99: 8.4902427
A100: Rural | B100: 6.6572996 | C100: 6.5432652 | D100: 6.8166819 | E100: 6.9268853 | F100: 6.8655908
A101: Urban | B101: 9.6142328 | C101: 9.7942284 | D101: 9.9460816 | E101: 9.8982339 | F101: 9.5967269
A102: Mixed Urban/Rural | B102: 7.1789568 | C102: 7.3065512 | D102: 7.4579868 | E102: 7.4913625 | F102: 7.0449866
A103: Urban-Rural Gap | B103: =(B101-B100) -> 2.9569333 | C103: =(C101-C100) -> 3.2509633 | D103: =(D101-D100) -> 3.1293997 | E103: =(E101-E100) -> 2.9713486 | F103: =(F101-F100) -> 2.7311361
A106: SDR - Treatable | B106: 2015-19 | C106: 2016-20 | D106: 2017-21 | E106: 2018-22 | F106: 2019-23
A107: Deaths per 100,000 population
A108: NI | B108: 83.317505 | C108: 81.893403 | D108: 80.471145 | E108: 79.5597 | F108: 79.419745
A109: Rural | B109: 71.103618 | C109: 69.052537 | D109: 67.445352 | E109: 65.749542 | F109: 65.445438
A110: Urban | B110: 91.663532 | C110: 90.992288 | D110: 89.49177 | E110: 88.933957 | F110: 88.878778
A111: Mixed Urban/Rural | B111: 73.316006 | C111: 67.412256 | D111: 68.721933 | E111: 69.38521 | F111: 69.665219
